{"id":"12673","action":"UPDATE","table_name":"survey","record_id":"2013","changed_status":"3","timestamp":"2024-09-01 17:56:25","uploaded":"0"}
{"id":"12674","action":"UPDATE","table_name":"survey","record_id":"2013","changed_status":"3","timestamp":"2024-09-01 17:56:47","uploaded":"0"}
{"id":"12675","action":"UPDATE","table_name":"survey","record_id":"2013","changed_status":"3","timestamp":"2024-09-01 17:58:53","uploaded":"0"}
{"id":"12676","action":"UPDATE","table_name":"survey","record_id":"2013","changed_status":"3","timestamp":"2024-09-01 18:00:06","uploaded":"0"}
{"id":"12677","action":"UPDATE","table_name":"survey","record_id":"2013","changed_status":"3","timestamp":"2024-09-01 18:01:12","uploaded":"0"}
{"id":"12678","action":"INSERT","table_name":"survey","record_id":"2016","changed_status":"3","timestamp":"2024-09-01 18:26:38","uploaded":"0"}
{"id":"12679","action":"INSERT","table_name":"survey","record_id":"2017","changed_status":"3","timestamp":"2024-09-01 18:26:54","uploaded":"0"}
{"id":"12680","action":"INSERT","table_name":"user_log","record_id":"7201","changed_status":"3","timestamp":"2024-09-01 18:37:00","uploaded":"0"}
{"id":"12681","action":"INSERT","table_name":"user_log","record_id":"7202","changed_status":"3","timestamp":"2024-09-01 18:42:50","uploaded":"0"}
{"id":"12682","action":"UPDATE","table_name":"users","record_id":"5757","changed_status":"0","timestamp":"2024-09-01 18:42:50","uploaded":"0"}
{"id":"12683","action":"UPDATE","table_name":"survey","record_id":"2017","changed_status":"3","timestamp":"2024-09-01 18:42:58","uploaded":"0"}
{"id":"12684","action":"INSERT","table_name":"user_log","record_id":"7203","changed_status":"3","timestamp":"2024-09-01 18:46:00","uploaded":"0"}
{"id":"12685","action":"UPDATE","table_name":"survey","record_id":"2013","changed_status":"3","timestamp":"2024-09-01 18:49:39","uploaded":"0"}
{"id":"12686","action":"INSERT","table_name":"user_log","record_id":"7204","changed_status":"3","timestamp":"2024-09-01 18:52:59","uploaded":"0"}
{"id":"12687","action":"UPDATE","table_name":"users","record_id":"428","changed_status":"0","timestamp":"2024-09-01 18:52:59","uploaded":"0"}
{"id":"12688","action":"INSERT","table_name":"user_log","record_id":"7205","changed_status":"3","timestamp":"2024-09-01 18:54:49","uploaded":"0"}
{"id":"12689","action":"UPDATE","table_name":"users","record_id":"5757","changed_status":"0","timestamp":"2024-09-01 18:54:49","uploaded":"0"}
{"id":"12690","action":"UPDATE","table_name":"survey","record_id":"2017","changed_status":"3","timestamp":"2024-09-01 18:55:55","uploaded":"0"}
{"id":"12691","action":"UPDATE","table_name":"survey","record_id":"2017","changed_status":"3","timestamp":"2024-09-01 18:56:01","uploaded":"0"}
{"id":"12692","action":"UPDATE","table_name":"survey","record_id":"2013","changed_status":"3","timestamp":"2024-09-01 18:58:33","uploaded":"0"}
{"id":"12693","action":"INSERT","table_name":"survey","record_id":"2018","changed_status":"3","timestamp":"2024-09-01 19:02:14","uploaded":"0"}
{"id":"12694","action":"INSERT","table_name":"users","record_id":"5760","changed_status":"3","timestamp":"2024-09-01 19:11:19","uploaded":"0"}
{"id":"12695","action":"UPDATE","table_name":"users","record_id":"5760","changed_status":"0","timestamp":"2024-09-01 19:11:53","uploaded":"0"}
{"id":"12696","action":"UPDATE","table_name":"users","record_id":"5760","changed_status":"0","timestamp":"2024-09-01 19:14:10","uploaded":"0"}
{"id":"12697","action":"INSERT","table_name":"user_log","record_id":"7206","changed_status":"3","timestamp":"2024-09-01 19:14:10","uploaded":"0"}
{"id":"12698","action":"UPDATE","table_name":"survey","record_id":"2018","changed_status":"3","timestamp":"2024-09-01 19:14:34","uploaded":"0"}
{"id":"12699","action":"INSERT","table_name":"user_log","record_id":"7207","changed_status":"3","timestamp":"2024-09-01 19:17:00","uploaded":"0"}
{"id":"12700","action":"INSERT","table_name":"survey","record_id":"2019","changed_status":"3","timestamp":"2024-09-01 19:18:15","uploaded":"0"}
{"id":"12701","action":"UPDATE","table_name":"survey","record_id":"2019","changed_status":"3","timestamp":"2024-09-01 19:25:59","uploaded":"0"}
{"id":"12702","action":"INSERT","table_name":"user_log","record_id":"7208","changed_status":"3","timestamp":"2024-09-01 19:49:11","uploaded":"0"}
{"id":"12703","action":"UPDATE","table_name":"survey","record_id":"2017","changed_status":"3","timestamp":"2024-09-01 19:55:40","uploaded":"0"}
{"id":"12704","action":"INSERT","table_name":"survey","record_id":"2020","changed_status":"3","timestamp":"2024-09-01 19:57:49","uploaded":"0"}
{"id":"12705","action":"INSERT","table_name":"user_log","record_id":"7209","changed_status":"3","timestamp":"2024-09-01 19:58:21","uploaded":"0"}
{"id":"12706","action":"INSERT","table_name":"survey","record_id":"2021","changed_status":"3","timestamp":"2024-09-01 20:01:52","uploaded":"0"}
{"id":"12707","action":"UPDATE","table_name":"survey","record_id":"2020","changed_status":"3","timestamp":"2024-09-01 20:02:37","uploaded":"0"}
{"id":"12708","action":"INSERT","table_name":"survey","record_id":"2022","changed_status":"3","timestamp":"2024-09-01 20:04:20","uploaded":"0"}
{"id":"12709","action":"INSERT","table_name":"survey","record_id":"2023","changed_status":"3","timestamp":"2024-09-01 20:06:10","uploaded":"0"}
{"id":"12710","action":"INSERT","table_name":"survey","record_id":"2024","changed_status":"3","timestamp":"2024-09-01 20:07:09","uploaded":"0"}
{"id":"12711","action":"INSERT","table_name":"survey","record_id":"2025","changed_status":"3","timestamp":"2024-09-01 20:09:00","uploaded":"0"}
{"id":"12712","action":"INSERT","table_name":"survey","record_id":"2026","changed_status":"3","timestamp":"2024-09-01 20:14:35","uploaded":"0"}
{"id":"12713","action":"INSERT","table_name":"survey","record_id":"2027","changed_status":"3","timestamp":"2024-09-01 20:15:30","uploaded":"0"}
{"id":"12714","action":"INSERT","table_name":"survey","record_id":"2028","changed_status":"3","timestamp":"2024-09-01 20:17:00","uploaded":"0"}
{"id":"12715","action":"UPDATE","table_name":"survey","record_id":"2027","changed_status":"3","timestamp":"2024-09-01 20:19:06","uploaded":"0"}
{"id":"12716","action":"UPDATE","table_name":"survey","record_id":"2027","changed_status":"3","timestamp":"2024-09-01 20:20:08","uploaded":"0"}
{"id":"12717","action":"UPDATE","table_name":"survey","record_id":"2027","changed_status":"3","timestamp":"2024-09-01 20:20:13","uploaded":"0"}
{"id":"12718","action":"INSERT","table_name":"survey","record_id":"2029","changed_status":"3","timestamp":"2024-09-01 20:24:05","uploaded":"0"}
{"id":"12719","action":"UPDATE","table_name":"survey","record_id":"2025","changed_status":"3","timestamp":"2024-09-01 20:24:13","uploaded":"0"}
{"id":"12720","action":"INSERT","table_name":"survey","record_id":"2030","changed_status":"3","timestamp":"2024-09-01 20:30:34","uploaded":"0"}
{"id":"12721","action":"UPDATE","table_name":"survey","record_id":"2028","changed_status":"3","timestamp":"2024-09-01 20:34:13","uploaded":"0"}
{"id":"12722","action":"UPDATE","table_name":"survey","record_id":"2023","changed_status":"3","timestamp":"2024-09-01 20:34:25","uploaded":"0"}
{"id":"12723","action":"UPDATE","table_name":"survey","record_id":"2022","changed_status":"3","timestamp":"2024-09-01 20:34:35","uploaded":"0"}
{"id":"12724","action":"UPDATE","table_name":"survey","record_id":"2021","changed_status":"3","timestamp":"2024-09-01 20:34:48","uploaded":"0"}
{"id":"12725","action":"INSERT","table_name":"survey","record_id":"2031","changed_status":"3","timestamp":"2024-09-01 20:40:01","uploaded":"0"}
{"id":"12726","action":"INSERT","table_name":"survey","record_id":"2032","changed_status":"3","timestamp":"2024-09-01 20:41:58","uploaded":"0"}
{"id":"12727","action":"UPDATE","table_name":"survey","record_id":"2032","changed_status":"3","timestamp":"2024-09-01 21:02:54","uploaded":"0"}
{"id":"12728","action":"UPDATE","table_name":"users","record_id":"5503","changed_status":"0","timestamp":"2024-09-02 01:33:00","uploaded":"0"}
{"id":"12729","action":"UPDATE","table_name":"clients","record_id":"282","changed_status":"3","timestamp":"2024-09-02 01:33:04","uploaded":"0"}
{"id":"12730","action":"INSERT","table_name":"user_log","record_id":"7210","changed_status":"3","timestamp":"2024-09-02 01:33:04","uploaded":"0"}
{"id":"12731","action":"UPDATE","table_name":"survey","record_id":"2025","changed_status":"3","timestamp":"2024-09-02 01:40:11","uploaded":"0"}
{"id":"12732","action":"UPDATE","table_name":"survey","record_id":"2026","changed_status":"3","timestamp":"2024-09-02 01:41:55","uploaded":"0"}
{"id":"12733","action":"UPDATE","table_name":"survey","record_id":"2025","changed_status":"3","timestamp":"2024-09-02 01:42:56","uploaded":"0"}
{"id":"12734","action":"INSERT","table_name":"survey","record_id":"2033","changed_status":"3","timestamp":"2024-09-02 01:46:57","uploaded":"0"}
{"id":"12735","action":"UPDATE","table_name":"survey","record_id":"2033","changed_status":"3","timestamp":"2024-09-02 01:48:46","uploaded":"0"}
{"id":"12736","action":"INSERT","table_name":"survey","record_id":"2034","changed_status":"3","timestamp":"2024-09-02 01:50:20","uploaded":"0"}
{"id":"12737","action":"UPDATE","table_name":"survey","record_id":"2034","changed_status":"3","timestamp":"2024-09-02 01:51:46","uploaded":"0"}
{"id":"12738","action":"UPDATE","table_name":"survey","record_id":"2034","changed_status":"3","timestamp":"2024-09-02 01:53:10","uploaded":"0"}
{"id":"12739","action":"UPDATE","table_name":"survey","record_id":"2033","changed_status":"3","timestamp":"2024-09-02 01:53:27","uploaded":"0"}
{"id":"12740","action":"UPDATE","table_name":"survey","record_id":"2034","changed_status":"3","timestamp":"2024-09-02 01:53:45","uploaded":"0"}
{"id":"12741","action":"UPDATE","table_name":"survey","record_id":"2028","changed_status":"3","timestamp":"2024-09-02 01:54:06","uploaded":"0"}
{"id":"12742","action":"INSERT","table_name":"survey","record_id":"2035","changed_status":"3","timestamp":"2024-09-02 01:55:49","uploaded":"0"}
{"id":"12743","action":"UPDATE","table_name":"survey","record_id":"2035","changed_status":"3","timestamp":"2024-09-02 01:57:37","uploaded":"0"}
{"id":"12744","action":"INSERT","table_name":"survey","record_id":"2036","changed_status":"3","timestamp":"2024-09-02 01:58:19","uploaded":"0"}
{"id":"12745","action":"UPDATE","table_name":"survey","record_id":"2036","changed_status":"3","timestamp":"2024-09-02 01:59:45","uploaded":"0"}
{"id":"12746","action":"INSERT","table_name":"survey","record_id":"2037","changed_status":"3","timestamp":"2024-09-02 02:00:19","uploaded":"0"}
{"id":"12747","action":"UPDATE","table_name":"survey","record_id":"2037","changed_status":"3","timestamp":"2024-09-02 02:02:38","uploaded":"0"}
{"id":"12748","action":"UPDATE","table_name":"users","record_id":"152","changed_status":"0","timestamp":"2024-09-02 02:08:46","uploaded":"0"}
{"id":"12749","action":"UPDATE","table_name":"clients","record_id":"91","changed_status":"3","timestamp":"2024-09-02 02:08:50","uploaded":"0"}
{"id":"12750","action":"INSERT","table_name":"user_log","record_id":"7211","changed_status":"3","timestamp":"2024-09-02 02:08:50","uploaded":"0"}
{"id":"12751","action":"UPDATE","table_name":"users","record_id":"5713","changed_status":"0","timestamp":"2024-09-02 03:00:27","uploaded":"0"}
{"id":"12752","action":"UPDATE","table_name":"clients","record_id":"301","changed_status":"3","timestamp":"2024-09-02 03:00:31","uploaded":"0"}
{"id":"12753","action":"INSERT","table_name":"user_log","record_id":"7212","changed_status":"3","timestamp":"2024-09-02 03:00:31","uploaded":"0"}
{"id":"12754","action":"INSERT","table_name":"user_log","record_id":"7213","changed_status":"3","timestamp":"2024-09-02 03:06:35","uploaded":"0"}
{"id":"12755","action":"UPDATE","table_name":"users","record_id":"5318","changed_status":"0","timestamp":"2024-09-02 03:06:35","uploaded":"0"}
{"id":"12756","action":"INSERT","table_name":"user_log","record_id":"7214","changed_status":"3","timestamp":"2024-09-02 03:09:30","uploaded":"0"}
{"id":"12757","action":"INSERT","table_name":"users","record_id":"5761","changed_status":"3","timestamp":"2024-09-02 03:09:59","uploaded":"0"}
{"id":"12758","action":"UPDATE","table_name":"users","record_id":"5761","changed_status":"0","timestamp":"2024-09-02 03:10:06","uploaded":"0"}
{"id":"12759","action":"UPDATE","table_name":"users","record_id":"463","changed_status":"0","timestamp":"2024-09-02 04:25:20","uploaded":"0"}
{"id":"12760","action":"UPDATE","table_name":"clients","record_id":"202","changed_status":"3","timestamp":"2024-09-02 04:25:24","uploaded":"0"}
{"id":"12761","action":"INSERT","table_name":"user_log","record_id":"7215","changed_status":"3","timestamp":"2024-09-02 04:25:24","uploaded":"0"}
{"id":"12762","action":"INSERT","table_name":"user_log","record_id":"7216","changed_status":"3","timestamp":"2024-09-02 04:27:27","uploaded":"0"}
{"id":"12763","action":"INSERT","table_name":"user_log","record_id":"7217","changed_status":"3","timestamp":"2024-09-02 04:55:10","uploaded":"0"}
{"id":"12764","action":"INSERT","table_name":"user_log","record_id":"7218","changed_status":"3","timestamp":"2024-09-02 05:04:33","uploaded":"0"}
{"id":"12765","action":"INSERT","table_name":"user_log","record_id":"7219","changed_status":"3","timestamp":"2024-09-02 05:23:27","uploaded":"0"}
{"id":"12766","action":"UPDATE","table_name":"survey","record_id":"2013","changed_status":"3","timestamp":"2024-09-02 05:23:55","uploaded":"0"}
{"id":"12767","action":"UPDATE","table_name":"users","record_id":"324","changed_status":"0","timestamp":"2024-09-02 05:28:35","uploaded":"0"}
{"id":"12768","action":"UPDATE","table_name":"clients","record_id":"170","changed_status":"3","timestamp":"2024-09-02 05:28:40","uploaded":"0"}
{"id":"12769","action":"INSERT","table_name":"user_log","record_id":"7220","changed_status":"3","timestamp":"2024-09-02 05:28:40","uploaded":"0"}
{"id":"12770","action":"UPDATE","table_name":"survey","record_id":"696","changed_status":"3","timestamp":"2024-09-02 05:29:55","uploaded":"0"}
{"id":"12771","action":"INSERT","table_name":"user_log","record_id":"7221","changed_status":"3","timestamp":"2024-09-02 05:32:41","uploaded":"0"}
{"id":"12772","action":"UPDATE","table_name":"survey","record_id":"2032","changed_status":"3","timestamp":"2024-09-02 06:26:47","uploaded":"0"}
{"id":"12773","action":"INSERT","table_name":"user_log","record_id":"7222","changed_status":"3","timestamp":"2024-09-02 07:03:41","uploaded":"0"}
{"id":"12774","action":"UPDATE","table_name":"survey","record_id":"2034","changed_status":"3","timestamp":"2024-09-02 07:24:25","uploaded":"0"}
{"id":"12775","action":"DELETE","table_name":"survey","record_id":"2034","changed_status":"3","timestamp":"2024-09-02 07:25:07","uploaded":"0"}
{"id":"12776","action":"UPDATE","table_name":"survey","record_id":"2033","changed_status":"3","timestamp":"2024-09-02 07:25:38","uploaded":"0"}
{"id":"12777","action":"DELETE","table_name":"survey","record_id":"2033","changed_status":"3","timestamp":"2024-09-02 07:26:09","uploaded":"0"}
{"id":"12778","action":"UPDATE","table_name":"survey","record_id":"2025","changed_status":"3","timestamp":"2024-09-02 07:26:44","uploaded":"0"}
{"id":"12779","action":"DELETE","table_name":"survey","record_id":"2025","changed_status":"3","timestamp":"2024-09-02 07:27:49","uploaded":"0"}
{"id":"12780","action":"UPDATE","table_name":"survey","record_id":"2026","changed_status":"3","timestamp":"2024-09-02 07:28:17","uploaded":"0"}
{"id":"12781","action":"DELETE","table_name":"survey","record_id":"2026","changed_status":"3","timestamp":"2024-09-02 07:28:43","uploaded":"0"}
{"id":"12782","action":"UPDATE","table_name":"survey","record_id":"2028","changed_status":"3","timestamp":"2024-09-02 07:29:15","uploaded":"0"}
{"id":"12783","action":"DELETE","table_name":"survey","record_id":"2028","changed_status":"3","timestamp":"2024-09-02 07:29:33","uploaded":"0"}
{"id":"12784","action":"INSERT","table_name":"user_log","record_id":"7223","changed_status":"3","timestamp":"2024-09-02 08:19:45","uploaded":"0"}
{"id":"12785","action":"UPDATE","table_name":"users","record_id":"3","changed_status":"0","timestamp":"2024-09-02 09:01:55","uploaded":"0"}
{"id":"12786","action":"INSERT","table_name":"user_log","record_id":"7224","changed_status":"3","timestamp":"2024-09-02 09:01:58","uploaded":"0"}
{"id":"12787","action":"INSERT","table_name":"user_log","record_id":"7225","changed_status":"3","timestamp":"2024-09-02 09:26:00","uploaded":"0"}
{"id":"12788","action":"INSERT","table_name":"user_log","record_id":"7226","changed_status":"3","timestamp":"2024-09-02 09:26:45","uploaded":"0"}
{"id":"12789","action":"INSERT","table_name":"user_log","record_id":"7227","changed_status":"3","timestamp":"2024-09-02 10:35:52","uploaded":"0"}
{"id":"12790","action":"UPDATE","table_name":"survey","record_id":"2032","changed_status":"3","timestamp":"2024-09-02 11:09:29","uploaded":"0"}
{"id":"12791","action":"DELETE","table_name":"survey","record_id":"2032","changed_status":"3","timestamp":"2024-09-02 11:11:31","uploaded":"0"}
{"id":"12792","action":"INSERT","table_name":"user_log","record_id":"7228","changed_status":"3","timestamp":"2024-09-02 12:36:04","uploaded":"0"}
{"id":"12793","action":"INSERT","table_name":"user_log","record_id":"7229","changed_status":"3","timestamp":"2024-09-02 12:36:23","uploaded":"0"}
{"id":"12794","action":"UPDATE","table_name":"users","record_id":"893","changed_status":"0","timestamp":"2024-09-02 12:38:33","uploaded":"0"}
{"id":"12795","action":"UPDATE","table_name":"clients","record_id":"247","changed_status":"3","timestamp":"2024-09-02 12:38:39","uploaded":"0"}
{"id":"12796","action":"INSERT","table_name":"user_log","record_id":"7230","changed_status":"3","timestamp":"2024-09-02 12:38:39","uploaded":"0"}
{"id":"12797","action":"UPDATE","table_name":"survey","record_id":"2013","changed_status":"3","timestamp":"2024-09-02 19:04:37","uploaded":"0"}
{"id":"12798","action":"UPDATE","table_name":"survey","record_id":"2013","changed_status":"3","timestamp":"2024-09-02 19:04:42","uploaded":"0"}
{"id":"12799","action":"UPDATE","table_name":"survey","record_id":"2013","changed_status":"3","timestamp":"2024-09-02 19:08:26","uploaded":"0"}
{"id":"12800","action":"UPDATE","table_name":"survey","record_id":"2013","changed_status":"3","timestamp":"2024-09-02 19:13:51","uploaded":"0"}
{"id":"12801","action":"UPDATE","table_name":"survey","record_id":"2013","changed_status":"3","timestamp":"2024-09-02 19:16:49","uploaded":"0"}
{"id":"12802","action":"UPDATE","table_name":"survey","record_id":"2013","changed_status":"3","timestamp":"2024-09-02 19:20:30","uploaded":"0"}
{"id":"12803","action":"UPDATE","table_name":"survey","record_id":"2013","changed_status":"3","timestamp":"2024-09-02 19:28:34","uploaded":"0"}
{"id":"12804","action":"UPDATE","table_name":"survey","record_id":"2013","changed_status":"3","timestamp":"2024-09-02 19:32:21","uploaded":"0"}
{"id":"12805","action":"UPDATE","table_name":"users","record_id":"5503","changed_status":"0","timestamp":"2024-09-03 04:03:47","uploaded":"0"}
{"id":"12806","action":"UPDATE","table_name":"clients","record_id":"282","changed_status":"3","timestamp":"2024-09-03 04:03:51","uploaded":"0"}
{"id":"12807","action":"INSERT","table_name":"user_log","record_id":"7231","changed_status":"3","timestamp":"2024-09-03 04:03:51","uploaded":"0"}
{"id":"12808","action":"UPDATE","table_name":"users","record_id":"152","changed_status":"0","timestamp":"2024-09-03 04:21:21","uploaded":"0"}
{"id":"12809","action":"UPDATE","table_name":"clients","record_id":"91","changed_status":"3","timestamp":"2024-09-03 04:21:25","uploaded":"0"}
{"id":"12810","action":"INSERT","table_name":"user_log","record_id":"7232","changed_status":"3","timestamp":"2024-09-03 04:21:25","uploaded":"0"}
{"id":"12811","action":"UPDATE","table_name":"users","record_id":"463","changed_status":"0","timestamp":"2024-09-03 04:25:31","uploaded":"0"}
{"id":"12812","action":"UPDATE","table_name":"clients","record_id":"202","changed_status":"3","timestamp":"2024-09-03 04:25:35","uploaded":"0"}
{"id":"12813","action":"INSERT","table_name":"user_log","record_id":"7233","changed_status":"3","timestamp":"2024-09-03 04:25:35","uploaded":"0"}
{"id":"12814","action":"INSERT","table_name":"user_log","record_id":"7234","changed_status":"3","timestamp":"2024-09-03 04:28:06","uploaded":"0"}
{"id":"12815","action":"INSERT","table_name":"user_log","record_id":"7235","changed_status":"3","timestamp":"2024-09-03 04:29:02","uploaded":"0"}
{"id":"12816","action":"INSERT","table_name":"user_log","record_id":"7236","changed_status":"3","timestamp":"2024-09-03 04:39:25","uploaded":"0"}
{"id":"12817","action":"INSERT","table_name":"user_log","record_id":"7237","changed_status":"3","timestamp":"2024-09-03 04:41:15","uploaded":"0"}
{"id":"12818","action":"UPDATE","table_name":"survey","record_id":"2013","changed_status":"3","timestamp":"2024-09-03 04:51:39","uploaded":"0"}
{"id":"12819","action":"UPDATE","table_name":"users","record_id":"3","changed_status":"0","timestamp":"2024-09-03 05:01:08","uploaded":"0"}
{"id":"12820","action":"INSERT","table_name":"user_log","record_id":"7238","changed_status":"3","timestamp":"2024-09-03 05:01:11","uploaded":"0"}
{"id":"12821","action":"UPDATE","table_name":"survey","record_id":"2013","changed_status":"3","timestamp":"2024-09-03 05:13:12","uploaded":"0"}
{"id":"12822","action":"UPDATE","table_name":"survey","record_id":"2013","changed_status":"3","timestamp":"2024-09-03 05:15:00","uploaded":"0"}
{"id":"12823","action":"UPDATE","table_name":"survey","record_id":"2013","changed_status":"3","timestamp":"2024-09-03 05:15:13","uploaded":"0"}
{"id":"12824","action":"UPDATE","table_name":"survey","record_id":"2013","changed_status":"3","timestamp":"2024-09-03 05:15:36","uploaded":"0"}
{"id":"12825","action":"UPDATE","table_name":"survey","record_id":"2013","changed_status":"3","timestamp":"2024-09-03 05:51:12","uploaded":"0"}
{"id":"12826","action":"UPDATE","table_name":"users","record_id":"324","changed_status":"0","timestamp":"2024-09-03 05:56:57","uploaded":"0"}
{"id":"12827","action":"UPDATE","table_name":"clients","record_id":"170","changed_status":"3","timestamp":"2024-09-03 05:57:02","uploaded":"0"}
{"id":"12828","action":"INSERT","table_name":"user_log","record_id":"7239","changed_status":"3","timestamp":"2024-09-03 05:57:02","uploaded":"0"}
{"id":"12829","action":"INSERT","table_name":"user_log","record_id":"7240","changed_status":"3","timestamp":"2024-09-03 05:59:07","uploaded":"0"}
{"id":"12830","action":"INSERT","table_name":"survey","record_id":"2038","changed_status":"3","timestamp":"2024-09-03 06:02:36","uploaded":"0"}
{"id":"12831","action":"UPDATE","table_name":"users","record_id":"446","changed_status":"0","timestamp":"2024-09-03 06:04:59","uploaded":"0"}
{"id":"12832","action":"UPDATE","table_name":"clients","record_id":"201","changed_status":"3","timestamp":"2024-09-03 06:05:02","uploaded":"0"}
{"id":"12833","action":"INSERT","table_name":"user_log","record_id":"7241","changed_status":"3","timestamp":"2024-09-03 06:05:02","uploaded":"0"}
{"id":"12834","action":"INSERT","table_name":"survey","record_id":"2039","changed_status":"3","timestamp":"2024-09-03 06:12:00","uploaded":"0"}
{"id":"12835","action":"INSERT","table_name":"survey","record_id":"2040","changed_status":"3","timestamp":"2024-09-03 06:12:22","uploaded":"0"}
{"id":"12836","action":"INSERT","table_name":"survey","record_id":"2041","changed_status":"3","timestamp":"2024-09-03 06:13:31","uploaded":"0"}
{"id":"12837","action":"INSERT","table_name":"survey","record_id":"2042","changed_status":"3","timestamp":"2024-09-03 06:14:21","uploaded":"0"}
{"id":"12838","action":"INSERT","table_name":"survey","record_id":"2043","changed_status":"3","timestamp":"2024-09-03 06:16:22","uploaded":"0"}
{"id":"12839","action":"INSERT","table_name":"survey","record_id":"2044","changed_status":"3","timestamp":"2024-09-03 06:18:39","uploaded":"0"}
{"id":"12840","action":"INSERT","table_name":"user_log","record_id":"7242","changed_status":"3","timestamp":"2024-09-03 06:19:06","uploaded":"0"}
{"id":"12841","action":"INSERT","table_name":"survey","record_id":"2045","changed_status":"3","timestamp":"2024-09-03 06:21:48","uploaded":"0"}
{"id":"12842","action":"INSERT","table_name":"survey","record_id":"2046","changed_status":"3","timestamp":"2024-09-03 06:22:23","uploaded":"0"}
{"id":"12843","action":"INSERT","table_name":"user_log","record_id":"7243","changed_status":"3","timestamp":"2024-09-03 06:22:57","uploaded":"0"}
{"id":"12844","action":"INSERT","table_name":"survey","record_id":"2047","changed_status":"3","timestamp":"2024-09-03 06:23:06","uploaded":"0"}
{"id":"12845","action":"INSERT","table_name":"survey","record_id":"2048","changed_status":"3","timestamp":"2024-09-03 06:26:48","uploaded":"0"}
{"id":"12846","action":"INSERT","table_name":"survey","record_id":"2049","changed_status":"3","timestamp":"2024-09-03 06:28:02","uploaded":"0"}
{"id":"12847","action":"INSERT","table_name":"survey","record_id":"2050","changed_status":"3","timestamp":"2024-09-03 06:29:05","uploaded":"0"}
{"id":"12848","action":"INSERT","table_name":"user_log","record_id":"7244","changed_status":"3","timestamp":"2024-09-03 06:41:17","uploaded":"0"}
{"id":"12849","action":"INSERT","table_name":"user_log","record_id":"7245","changed_status":"3","timestamp":"2024-09-03 06:52:35","uploaded":"0"}
{"id":"12850","action":"INSERT","table_name":"user_log","record_id":"7246","changed_status":"3","timestamp":"2024-09-03 07:18:44","uploaded":"0"}
{"id":"12851","action":"INSERT","table_name":"user_log","record_id":"7247","changed_status":"3","timestamp":"2024-09-03 07:20:15","uploaded":"0"}
{"id":"12852","action":"INSERT","table_name":"survey","record_id":"2051","changed_status":"3","timestamp":"2024-09-03 07:39:10","uploaded":"0"}
{"id":"12853","action":"INSERT","table_name":"survey","record_id":"2052","changed_status":"3","timestamp":"2024-09-03 07:40:11","uploaded":"0"}
{"id":"12854","action":"INSERT","table_name":"user_log","record_id":"7248","changed_status":"3","timestamp":"2024-09-03 08:47:16","uploaded":"0"}
{"id":"12855","action":"UPDATE","table_name":"clients","record_id":"292","changed_status":"3","timestamp":"2024-09-03 11:17:30","uploaded":"0"}
{"id":"12856","action":"INSERT","table_name":"user_log","record_id":"7249","changed_status":"3","timestamp":"2024-09-03 11:18:17","uploaded":"0"}
{"id":"12857","action":"INSERT","table_name":"user_log","record_id":"7250","changed_status":"3","timestamp":"2024-09-03 11:21:12","uploaded":"0"}
{"id":"12858","action":"UPDATE","table_name":"users","record_id":"5195","changed_status":"0","timestamp":"2024-09-03 12:06:14","uploaded":"0"}
{"id":"12859","action":"UPDATE","table_name":"clients","record_id":"272","changed_status":"3","timestamp":"2024-09-03 12:06:18","uploaded":"0"}
{"id":"12860","action":"INSERT","table_name":"user_log","record_id":"7251","changed_status":"3","timestamp":"2024-09-03 12:06:18","uploaded":"0"}
{"id":"12861","action":"UPDATE","table_name":"survey","record_id":"1987","changed_status":"3","timestamp":"2024-09-03 12:07:20","uploaded":"0"}
{"id":"12862","action":"UPDATE","table_name":"users","record_id":"5713","changed_status":"0","timestamp":"2024-09-03 12:09:22","uploaded":"0"}
{"id":"12863","action":"UPDATE","table_name":"clients","record_id":"301","changed_status":"3","timestamp":"2024-09-03 12:09:26","uploaded":"0"}
{"id":"12864","action":"INSERT","table_name":"user_log","record_id":"7252","changed_status":"3","timestamp":"2024-09-03 12:09:26","uploaded":"0"}
{"id":"12865","action":"INSERT","table_name":"user_log","record_id":"7253","changed_status":"3","timestamp":"2024-09-03 12:10:42","uploaded":"0"}
{"id":"12866","action":"INSERT","table_name":"user_log","record_id":"7254","changed_status":"3","timestamp":"2024-09-03 12:18:43","uploaded":"0"}
{"id":"12867","action":"INSERT","table_name":"user_log","record_id":"7255","changed_status":"3","timestamp":"2024-09-03 12:19:38","uploaded":"0"}
{"id":"12868","action":"INSERT","table_name":"user_log","record_id":"7256","changed_status":"3","timestamp":"2024-09-03 12:25:57","uploaded":"0"}
{"id":"12869","action":"INSERT","table_name":"user_log","record_id":"7257","changed_status":"3","timestamp":"2024-09-03 12:28:41","uploaded":"0"}
{"id":"12870","action":"UPDATE","table_name":"users","record_id":"428","changed_status":"0","timestamp":"2024-09-03 12:28:41","uploaded":"0"}
{"id":"12871","action":"INSERT","table_name":"user_log","record_id":"7258","changed_status":"3","timestamp":"2024-09-03 12:28:51","uploaded":"0"}
{"id":"12872","action":"INSERT","table_name":"user_log","record_id":"7259","changed_status":"3","timestamp":"2024-09-03 12:29:13","uploaded":"0"}
{"id":"12873","action":"INSERT","table_name":"user_log","record_id":"7260","changed_status":"3","timestamp":"2024-09-03 12:30:02","uploaded":"0"}
{"id":"12874","action":"INSERT","table_name":"user_log","record_id":"7261","changed_status":"3","timestamp":"2024-09-03 12:30:22","uploaded":"0"}
{"id":"12875","action":"INSERT","table_name":"user_log","record_id":"7262","changed_status":"3","timestamp":"2024-09-03 12:31:26","uploaded":"0"}
{"id":"12876","action":"INSERT","table_name":"user_log","record_id":"7263","changed_status":"3","timestamp":"2024-09-03 12:32:53","uploaded":"0"}
{"id":"12877","action":"INSERT","table_name":"user_log","record_id":"7264","changed_status":"3","timestamp":"2024-09-03 12:40:00","uploaded":"0"}
{"id":"12878","action":"INSERT","table_name":"user_log","record_id":"7265","changed_status":"3","timestamp":"2024-09-03 12:43:22","uploaded":"0"}
{"id":"12879","action":"INSERT","table_name":"user_log","record_id":"7266","changed_status":"3","timestamp":"2024-09-03 12:46:31","uploaded":"0"}
{"id":"12880","action":"INSERT","table_name":"user_log","record_id":"7267","changed_status":"3","timestamp":"2024-09-03 12:52:25","uploaded":"0"}
{"id":"12881","action":"INSERT","table_name":"user_log","record_id":"7268","changed_status":"3","timestamp":"2024-09-03 13:18:57","uploaded":"0"}
{"id":"12882","action":"INSERT","table_name":"user_log","record_id":"7269","changed_status":"3","timestamp":"2024-09-03 14:08:29","uploaded":"0"}
{"id":"12883","action":"UPDATE","table_name":"users","record_id":"5503","changed_status":"0","timestamp":"2024-09-04 03:51:35","uploaded":"0"}
{"id":"12884","action":"UPDATE","table_name":"clients","record_id":"282","changed_status":"3","timestamp":"2024-09-04 03:51:39","uploaded":"0"}
{"id":"12885","action":"INSERT","table_name":"user_log","record_id":"7270","changed_status":"3","timestamp":"2024-09-04 03:51:39","uploaded":"0"}
{"id":"12886","action":"UPDATE","table_name":"users","record_id":"5713","changed_status":"0","timestamp":"2024-09-04 05:42:48","uploaded":"0"}
{"id":"12887","action":"UPDATE","table_name":"clients","record_id":"301","changed_status":"3","timestamp":"2024-09-04 05:42:51","uploaded":"0"}
{"id":"12888","action":"INSERT","table_name":"user_log","record_id":"7271","changed_status":"3","timestamp":"2024-09-04 05:42:51","uploaded":"0"}
{"id":"12889","action":"UPDATE","table_name":"users","record_id":"463","changed_status":"0","timestamp":"2024-09-04 06:07:06","uploaded":"0"}
{"id":"12890","action":"UPDATE","table_name":"clients","record_id":"202","changed_status":"3","timestamp":"2024-09-04 06:07:11","uploaded":"0"}
{"id":"12891","action":"INSERT","table_name":"user_log","record_id":"7272","changed_status":"3","timestamp":"2024-09-04 06:07:11","uploaded":"0"}
{"id":"12892","action":"UPDATE","table_name":"users","record_id":"5595","changed_status":"0","timestamp":"2024-09-04 06:40:47","uploaded":"0"}
{"id":"12893","action":"UPDATE","table_name":"clients","record_id":"291","changed_status":"3","timestamp":"2024-09-04 06:40:50","uploaded":"0"}
{"id":"12894","action":"INSERT","table_name":"user_log","record_id":"7273","changed_status":"3","timestamp":"2024-09-04 06:40:50","uploaded":"0"}
{"id":"12895","action":"UPDATE","table_name":"users","record_id":"5597","changed_status":"0","timestamp":"2024-09-04 06:44:52","uploaded":"0"}
{"id":"12896","action":"UPDATE","table_name":"clients","record_id":"291","changed_status":"3","timestamp":"2024-09-04 06:44:55","uploaded":"0"}
{"id":"12897","action":"INSERT","table_name":"user_log","record_id":"7274","changed_status":"3","timestamp":"2024-09-04 06:44:55","uploaded":"0"}
{"id":"12898","action":"UPDATE","table_name":"survey","record_id":"2013","changed_status":"3","timestamp":"2024-09-04 06:53:28","uploaded":"0"}
{"id":"12899","action":"INSERT","table_name":"user_log","record_id":"7275","changed_status":"3","timestamp":"2024-09-04 07:06:57","uploaded":"0"}
{"id":"12900","action":"INSERT","table_name":"users","record_id":"5762","changed_status":"3","timestamp":"2024-09-04 07:21:03","uploaded":"0"}
{"id":"12901","action":"INSERT","table_name":"users","record_id":"5763","changed_status":"3","timestamp":"2024-09-04 07:31:37","uploaded":"0"}
{"id":"12902","action":"INSERT","table_name":"users","record_id":"5764","changed_status":"3","timestamp":"2024-09-04 07:31:37","uploaded":"0"}
{"id":"12903","action":"INSERT","table_name":"users","record_id":"5765","changed_status":"3","timestamp":"2024-09-04 07:33:19","uploaded":"0"}
{"id":"12904","action":"INSERT","table_name":"users","record_id":"5766","changed_status":"3","timestamp":"2024-09-04 07:33:19","uploaded":"0"}
{"id":"12905","action":"UPDATE","table_name":"users","record_id":"5762","changed_status":"0","timestamp":"2024-09-04 07:42:38","uploaded":"0"}
{"id":"12906","action":"UPDATE","table_name":"users","record_id":"5762","changed_status":"0","timestamp":"2024-09-04 08:32:19","uploaded":"0"}
{"id":"12907","action":"UPDATE","table_name":"users","record_id":"5762","changed_status":"0","timestamp":"2024-09-04 08:32:30","uploaded":"0"}
{"id":"12908","action":"UPDATE","table_name":"users","record_id":"5762","changed_status":"0","timestamp":"2024-09-04 08:32:47","uploaded":"0"}
{"id":"12909","action":"UPDATE","table_name":"users","record_id":"152","changed_status":"0","timestamp":"2024-09-04 09:00:47","uploaded":"0"}
{"id":"12910","action":"UPDATE","table_name":"clients","record_id":"91","changed_status":"3","timestamp":"2024-09-04 09:00:51","uploaded":"0"}
{"id":"12911","action":"INSERT","table_name":"user_log","record_id":"7276","changed_status":"3","timestamp":"2024-09-04 09:00:51","uploaded":"0"}
{"id":"12912","action":"INSERT","table_name":"survey","record_id":"2053","changed_status":"3","timestamp":"2024-09-04 09:05:44","uploaded":"0"}
{"id":"12913","action":"UPDATE","table_name":"survey","record_id":"2053","changed_status":"3","timestamp":"2024-09-04 09:10:09","uploaded":"0"}
{"id":"12914","action":"UPDATE","table_name":"survey","record_id":"2020","changed_status":"3","timestamp":"2024-09-04 09:19:49","uploaded":"0"}
{"id":"12915","action":"INSERT","table_name":"user_log","record_id":"7277","changed_status":"3","timestamp":"2024-09-04 09:27:12","uploaded":"0"}
{"id":"12916","action":"INSERT","table_name":"user_log","record_id":"7278","changed_status":"3","timestamp":"2024-09-04 09:41:59","uploaded":"0"}
{"id":"12917","action":"UPDATE","table_name":"users","record_id":"5595","changed_status":"0","timestamp":"2024-09-04 09:45:01","uploaded":"0"}
{"id":"12918","action":"UPDATE","table_name":"users","record_id":"5595","changed_status":"0","timestamp":"2024-09-04 09:52:47","uploaded":"0"}
{"id":"12919","action":"UPDATE","table_name":"users","record_id":"5595","changed_status":"0","timestamp":"2024-09-04 09:54:09","uploaded":"0"}
{"id":"12920","action":"INSERT","table_name":"user_log","record_id":"7279","changed_status":"3","timestamp":"2024-09-04 09:54:50","uploaded":"0"}
{"id":"12921","action":"UPDATE","table_name":"users","record_id":"5595","changed_status":"0","timestamp":"2024-09-04 10:01:53","uploaded":"0"}
{"id":"12922","action":"INSERT","table_name":"user_log","record_id":"7280","changed_status":"3","timestamp":"2024-09-04 11:17:20","uploaded":"0"}
{"id":"12923","action":"UPDATE","table_name":"users","record_id":"3","changed_status":"0","timestamp":"2024-09-04 11:24:44","uploaded":"0"}
{"id":"12924","action":"INSERT","table_name":"user_log","record_id":"7281","changed_status":"3","timestamp":"2024-09-04 11:24:47","uploaded":"0"}
{"id":"12925","action":"UPDATE","table_name":"users","record_id":"109","changed_status":"0","timestamp":"2024-09-04 11:25:55","uploaded":"0"}
{"id":"12926","action":"UPDATE","table_name":"users","record_id":"109","changed_status":"0","timestamp":"2024-09-04 11:26:04","uploaded":"0"}
{"id":"12927","action":"INSERT","table_name":"user_log","record_id":"7282","changed_status":"3","timestamp":"2024-09-04 11:26:04","uploaded":"0"}
{"id":"12928","action":"INSERT","table_name":"user_log","record_id":"7283","changed_status":"3","timestamp":"2024-09-04 11:27:28","uploaded":"0"}
{"id":"12929","action":"UPDATE","table_name":"users","record_id":"109","changed_status":"0","timestamp":"2024-09-04 11:27:28","uploaded":"0"}
{"id":"12930","action":"UPDATE","table_name":"users","record_id":"109","changed_status":"0","timestamp":"2024-09-04 11:27:46","uploaded":"0"}
{"id":"12931","action":"UPDATE","table_name":"users","record_id":"109","changed_status":"0","timestamp":"2024-09-04 11:27:49","uploaded":"0"}
{"id":"12932","action":"INSERT","table_name":"user_log","record_id":"7284","changed_status":"3","timestamp":"2024-09-04 11:27:49","uploaded":"0"}
{"id":"12933","action":"INSERT","table_name":"user_log","record_id":"7285","changed_status":"3","timestamp":"2024-09-04 11:29:09","uploaded":"0"}
{"id":"12934","action":"UPDATE","table_name":"users","record_id":"109","changed_status":"0","timestamp":"2024-09-04 11:29:09","uploaded":"0"}
{"id":"12935","action":"INSERT","table_name":"user_log","record_id":"7286","changed_status":"3","timestamp":"2024-09-04 11:29:37","uploaded":"0"}
{"id":"12936","action":"UPDATE","table_name":"users","record_id":"109","changed_status":"0","timestamp":"2024-09-04 11:29:37","uploaded":"0"}
{"id":"12937","action":"UPDATE","table_name":"users","record_id":"109","changed_status":"0","timestamp":"2024-09-04 11:29:48","uploaded":"0"}
{"id":"12938","action":"UPDATE","table_name":"users","record_id":"109","changed_status":"0","timestamp":"2024-09-04 11:32:54","uploaded":"0"}
{"id":"12939","action":"INSERT","table_name":"user_log","record_id":"7287","changed_status":"3","timestamp":"2024-09-04 11:32:54","uploaded":"0"}
{"id":"12940","action":"INSERT","table_name":"user_log","record_id":"7288","changed_status":"3","timestamp":"2024-09-04 11:36:46","uploaded":"0"}
{"id":"12941","action":"UPDATE","table_name":"users","record_id":"109","changed_status":"0","timestamp":"2024-09-04 11:36:46","uploaded":"0"}
{"id":"12942","action":"INSERT","table_name":"user_log","record_id":"7289","changed_status":"3","timestamp":"2024-09-04 11:43:23","uploaded":"0"}
{"id":"12943","action":"UPDATE","table_name":"users","record_id":"109","changed_status":"0","timestamp":"2024-09-04 11:45:05","uploaded":"0"}
{"id":"12944","action":"UPDATE","table_name":"users","record_id":"109","changed_status":"0","timestamp":"2024-09-04 11:46:23","uploaded":"0"}
{"id":"12945","action":"INSERT","table_name":"user_log","record_id":"7290","changed_status":"3","timestamp":"2024-09-04 11:46:23","uploaded":"0"}
{"id":"12946","action":"UPDATE","table_name":"users","record_id":"109","changed_status":"0","timestamp":"2024-09-04 11:50:18","uploaded":"0"}
{"id":"12947","action":"UPDATE","table_name":"users","record_id":"109","changed_status":"0","timestamp":"2024-09-04 11:50:24","uploaded":"0"}
{"id":"12948","action":"INSERT","table_name":"user_log","record_id":"7291","changed_status":"3","timestamp":"2024-09-04 11:50:24","uploaded":"0"}
{"id":"12949","action":"INSERT","table_name":"user_log","record_id":"7292","changed_status":"3","timestamp":"2024-09-04 11:53:27","uploaded":"0"}
{"id":"12950","action":"INSERT","table_name":"user_log","record_id":"7293","changed_status":"3","timestamp":"2024-09-04 11:54:33","uploaded":"0"}
{"id":"12951","action":"UPDATE","table_name":"users","record_id":"5595","changed_status":"0","timestamp":"2024-09-04 11:55:08","uploaded":"0"}
{"id":"12952","action":"INSERT","table_name":"user_log","record_id":"7294","changed_status":"3","timestamp":"2024-09-04 11:56:20","uploaded":"0"}
{"id":"12953","action":"UPDATE","table_name":"users","record_id":"5595","changed_status":"0","timestamp":"2024-09-04 11:58:22","uploaded":"0"}
{"id":"12954","action":"INSERT","table_name":"user_log","record_id":"7295","changed_status":"3","timestamp":"2024-09-04 11:59:01","uploaded":"0"}
{"id":"12955","action":"UPDATE","table_name":"users","record_id":"324","changed_status":"0","timestamp":"2024-09-04 12:17:20","uploaded":"0"}
{"id":"12956","action":"UPDATE","table_name":"clients","record_id":"170","changed_status":"3","timestamp":"2024-09-04 12:17:25","uploaded":"0"}
{"id":"12957","action":"INSERT","table_name":"user_log","record_id":"7296","changed_status":"3","timestamp":"2024-09-04 12:17:25","uploaded":"0"}
{"id":"12958","action":"UPDATE","table_name":"users","record_id":"109","changed_status":"0","timestamp":"2024-09-04 12:57:35","uploaded":"0"}
{"id":"12959","action":"UPDATE","table_name":"users","record_id":"109","changed_status":"0","timestamp":"2024-09-04 12:57:51","uploaded":"0"}
{"id":"12960","action":"INSERT","table_name":"user_log","record_id":"7297","changed_status":"3","timestamp":"2024-09-04 12:57:51","uploaded":"0"}
{"id":"12961","action":"INSERT","table_name":"user_log","record_id":"7298","changed_status":"3","timestamp":"2024-09-04 13:28:01","uploaded":"0"}
{"id":"12962","action":"INSERT","table_name":"user_log","record_id":"7299","changed_status":"3","timestamp":"2024-09-04 13:29:16","uploaded":"0"}
{"id":"12963","action":"INSERT","table_name":"user_log","record_id":"7300","changed_status":"3","timestamp":"2024-09-04 14:21:50","uploaded":"0"}
{"id":"12964","action":"INSERT","table_name":"user_log","record_id":"7301","changed_status":"3","timestamp":"2024-09-04 16:53:10","uploaded":"0"}
{"id":"12965","action":"INSERT","table_name":"survey","record_id":"2054","changed_status":"3","timestamp":"2024-09-04 16:53:48","uploaded":"0"}
{"id":"12966","action":"UPDATE","table_name":"survey","record_id":"2054","changed_status":"3","timestamp":"2024-09-04 17:19:12","uploaded":"0"}
{"id":"12967","action":"UPDATE","table_name":"users","record_id":"5713","changed_status":"0","timestamp":"2024-09-05 01:10:41","uploaded":"0"}
{"id":"12968","action":"UPDATE","table_name":"clients","record_id":"301","changed_status":"3","timestamp":"2024-09-05 01:10:44","uploaded":"0"}
{"id":"12969","action":"INSERT","table_name":"user_log","record_id":"7302","changed_status":"3","timestamp":"2024-09-05 01:10:44","uploaded":"0"}
{"id":"12970","action":"INSERT","table_name":"user_log","record_id":"7303","changed_status":"3","timestamp":"2024-09-05 01:28:04","uploaded":"0"}
{"id":"12971","action":"UPDATE","table_name":"users","record_id":"5757","changed_status":"0","timestamp":"2024-09-05 01:28:04","uploaded":"0"}
{"id":"12972","action":"UPDATE","table_name":"survey","record_id":"2019","changed_status":"3","timestamp":"2024-09-05 01:49:40","uploaded":"0"}
{"id":"12973","action":"UPDATE","table_name":"survey","record_id":"2019","changed_status":"3","timestamp":"2024-09-05 02:00:34","uploaded":"0"}
{"id":"12974","action":"UPDATE","table_name":"users","record_id":"324","changed_status":"0","timestamp":"2024-09-05 02:03:56","uploaded":"0"}
{"id":"12975","action":"UPDATE","table_name":"clients","record_id":"170","changed_status":"3","timestamp":"2024-09-05 02:04:01","uploaded":"0"}
{"id":"12976","action":"INSERT","table_name":"user_log","record_id":"7304","changed_status":"3","timestamp":"2024-09-05 02:04:01","uploaded":"0"}
{"id":"12977","action":"UPDATE","table_name":"users","record_id":"152","changed_status":"0","timestamp":"2024-09-05 02:05:14","uploaded":"0"}
{"id":"12978","action":"UPDATE","table_name":"clients","record_id":"91","changed_status":"3","timestamp":"2024-09-05 02:05:19","uploaded":"0"}
{"id":"12979","action":"INSERT","table_name":"user_log","record_id":"7305","changed_status":"3","timestamp":"2024-09-05 02:05:19","uploaded":"0"}
{"id":"12980","action":"UPDATE","table_name":"survey","record_id":"2024","changed_status":"3","timestamp":"2024-09-05 02:07:55","uploaded":"0"}
{"id":"12981","action":"INSERT","table_name":"user_log","record_id":"7306","changed_status":"3","timestamp":"2024-09-05 02:22:32","uploaded":"0"}
{"id":"12982","action":"UPDATE","table_name":"users","record_id":"428","changed_status":"0","timestamp":"2024-09-05 02:22:32","uploaded":"0"}
{"id":"12983","action":"UPDATE","table_name":"survey","record_id":"2019","changed_status":"3","timestamp":"2024-09-05 02:23:43","uploaded":"0"}
{"id":"12984","action":"INSERT","table_name":"user_log","record_id":"7307","changed_status":"3","timestamp":"2024-09-05 02:24:45","uploaded":"0"}
{"id":"12985","action":"UPDATE","table_name":"users","record_id":"5757","changed_status":"0","timestamp":"2024-09-05 02:24:45","uploaded":"0"}
{"id":"12986","action":"INSERT","table_name":"survey","record_id":"2055","changed_status":"3","timestamp":"2024-09-05 02:34:46","uploaded":"0"}
{"id":"12987","action":"UPDATE","table_name":"survey","record_id":"2055","changed_status":"3","timestamp":"2024-09-05 02:42:55","uploaded":"0"}
{"id":"12988","action":"UPDATE","table_name":"survey","record_id":"2055","changed_status":"3","timestamp":"2024-09-05 02:57:27","uploaded":"0"}
{"id":"12989","action":"INSERT","table_name":"survey","record_id":"2056","changed_status":"3","timestamp":"2024-09-05 02:59:21","uploaded":"0"}
{"id":"12990","action":"UPDATE","table_name":"survey","record_id":"2056","changed_status":"3","timestamp":"2024-09-05 03:07:31","uploaded":"0"}
{"id":"12991","action":"UPDATE","table_name":"users","record_id":"5503","changed_status":"0","timestamp":"2024-09-05 03:27:21","uploaded":"0"}
{"id":"12992","action":"UPDATE","table_name":"clients","record_id":"282","changed_status":"3","timestamp":"2024-09-05 03:27:25","uploaded":"0"}
{"id":"12993","action":"INSERT","table_name":"user_log","record_id":"7308","changed_status":"3","timestamp":"2024-09-05 03:27:25","uploaded":"0"}
{"id":"12994","action":"UPDATE","table_name":"users","record_id":"463","changed_status":"0","timestamp":"2024-09-05 04:30:01","uploaded":"0"}
{"id":"12995","action":"UPDATE","table_name":"clients","record_id":"202","changed_status":"3","timestamp":"2024-09-05 04:30:06","uploaded":"0"}
{"id":"12996","action":"INSERT","table_name":"user_log","record_id":"7309","changed_status":"3","timestamp":"2024-09-05 04:30:06","uploaded":"0"}
{"id":"12997","action":"UPDATE","table_name":"survey","record_id":"2010","changed_status":"3","timestamp":"2024-09-05 04:49:53","uploaded":"0"}
{"id":"12998","action":"UPDATE","table_name":"survey","record_id":"2019","changed_status":"3","timestamp":"2024-09-05 05:56:52","uploaded":"0"}
{"id":"12999","action":"INSERT","table_name":"user_log","record_id":"7310","changed_status":"3","timestamp":"2024-09-05 05:57:15","uploaded":"0"}
{"id":"13000","action":"UPDATE","table_name":"survey","record_id":"2019","changed_status":"3","timestamp":"2024-09-05 05:57:31","uploaded":"0"}
{"id":"13001","action":"UPDATE","table_name":"survey","record_id":"2019","changed_status":"3","timestamp":"2024-09-05 06:01:59","uploaded":"0"}
{"id":"13002","action":"UPDATE","table_name":"survey","record_id":"2019","changed_status":"3","timestamp":"2024-09-05 06:02:02","uploaded":"0"}
{"id":"13003","action":"UPDATE","table_name":"survey","record_id":"2019","changed_status":"3","timestamp":"2024-09-05 06:02:13","uploaded":"0"}
{"id":"13004","action":"INSERT","table_name":"user_log","record_id":"7311","changed_status":"3","timestamp":"2024-09-05 06:05:03","uploaded":"0"}
{"id":"13005","action":"INSERT","table_name":"user_log","record_id":"7312","changed_status":"3","timestamp":"2024-09-05 06:25:59","uploaded":"0"}
{"id":"13006","action":"INSERT","table_name":"user_log","record_id":"7313","changed_status":"3","timestamp":"2024-09-05 06:26:35","uploaded":"0"}
{"id":"13007","action":"UPDATE","table_name":"users","record_id":"428","changed_status":"0","timestamp":"2024-09-05 06:26:35","uploaded":"0"}
{"id":"13008","action":"INSERT","table_name":"user_log","record_id":"7314","changed_status":"3","timestamp":"2024-09-05 06:40:13","uploaded":"0"}
{"id":"13009","action":"INSERT","table_name":"user_log","record_id":"7315","changed_status":"3","timestamp":"2024-09-05 07:02:45","uploaded":"0"}
{"id":"13010","action":"UPDATE","table_name":"survey","record_id":"2054","changed_status":"3","timestamp":"2024-09-05 07:05:54","uploaded":"0"}
{"id":"13011","action":"UPDATE","table_name":"survey","record_id":"2054","changed_status":"3","timestamp":"2024-09-05 07:06:22","uploaded":"0"}
{"id":"13012","action":"INSERT","table_name":"user_log","record_id":"7316","changed_status":"3","timestamp":"2024-09-05 09:28:15","uploaded":"0"}
{"id":"13013","action":"INSERT","table_name":"user_log","record_id":"7317","changed_status":"3","timestamp":"2024-09-05 09:28:15","uploaded":"0"}
{"id":"13014","action":"INSERT","table_name":"user_log","record_id":"7318","changed_status":"3","timestamp":"2024-09-05 09:28:36","uploaded":"0"}
{"id":"13015","action":"UPDATE","table_name":"users","record_id":"109","changed_status":"0","timestamp":"2024-09-05 09:28:36","uploaded":"0"}
{"id":"13016","action":"INSERT","table_name":"user_log","record_id":"7319","changed_status":"3","timestamp":"2024-09-05 09:30:41","uploaded":"0"}
{"id":"13017","action":"UPDATE","table_name":"users","record_id":"109","changed_status":"0","timestamp":"2024-09-05 09:30:41","uploaded":"0"}
{"id":"13018","action":"INSERT","table_name":"user_log","record_id":"7320","changed_status":"3","timestamp":"2024-09-05 09:30:46","uploaded":"0"}
{"id":"13019","action":"UPDATE","table_name":"users","record_id":"109","changed_status":"0","timestamp":"2024-09-05 09:30:46","uploaded":"0"}
{"id":"13020","action":"INSERT","table_name":"user_log","record_id":"7321","changed_status":"3","timestamp":"2024-09-05 09:30:50","uploaded":"0"}
{"id":"13021","action":"UPDATE","table_name":"users","record_id":"109","changed_status":"0","timestamp":"2024-09-05 09:30:50","uploaded":"0"}
{"id":"13022","action":"UPDATE","table_name":"survey","record_id":"2054","changed_status":"3","timestamp":"2024-09-05 09:36:18","uploaded":"0"}
{"id":"13023","action":"UPDATE","table_name":"survey","record_id":"2054","changed_status":"3","timestamp":"2024-09-05 09:45:18","uploaded":"0"}
{"id":"13024","action":"UPDATE","table_name":"users","record_id":"5595","changed_status":"0","timestamp":"2024-09-05 09:45:57","uploaded":"0"}
{"id":"13025","action":"UPDATE","table_name":"clients","record_id":"291","changed_status":"3","timestamp":"2024-09-05 09:46:00","uploaded":"0"}
{"id":"13026","action":"INSERT","table_name":"user_log","record_id":"7322","changed_status":"3","timestamp":"2024-09-05 09:46:00","uploaded":"0"}
{"id":"13027","action":"INSERT","table_name":"user_log","record_id":"7323","changed_status":"3","timestamp":"2024-09-05 09:52:10","uploaded":"0"}
{"id":"13028","action":"INSERT","table_name":"user_log","record_id":"7324","changed_status":"3","timestamp":"2024-09-05 09:53:49","uploaded":"0"}
{"id":"13029","action":"UPDATE","table_name":"users","record_id":"5596","changed_status":"0","timestamp":"2024-09-05 09:54:58","uploaded":"0"}
{"id":"13030","action":"INSERT","table_name":"user_log","record_id":"7325","changed_status":"3","timestamp":"2024-09-05 09:56:49","uploaded":"0"}
{"id":"13031","action":"INSERT","table_name":"user_log","record_id":"7326","changed_status":"3","timestamp":"2024-09-05 10:00:06","uploaded":"0"}
{"id":"13032","action":"UPDATE","table_name":"users","record_id":"5598","changed_status":"0","timestamp":"2024-09-05 10:00:26","uploaded":"0"}
{"id":"13033","action":"UPDATE","table_name":"users","record_id":"5597","changed_status":"0","timestamp":"2024-09-05 10:00:30","uploaded":"0"}
{"id":"13034","action":"UPDATE","table_name":"users","record_id":"5596","changed_status":"0","timestamp":"2024-09-05 10:00:36","uploaded":"0"}
{"id":"13035","action":"UPDATE","table_name":"users","record_id":"5596","changed_status":"0","timestamp":"2024-09-05 10:01:56","uploaded":"0"}
{"id":"13036","action":"INSERT","table_name":"user_log","record_id":"7327","changed_status":"3","timestamp":"2024-09-05 10:01:56","uploaded":"0"}
{"id":"13037","action":"UPDATE","table_name":"users","record_id":"5596","changed_status":"0","timestamp":"2024-09-05 10:02:17","uploaded":"0"}
{"id":"13038","action":"INSERT","table_name":"user_log","record_id":"7328","changed_status":"3","timestamp":"2024-09-05 10:09:07","uploaded":"0"}
{"id":"13039","action":"UPDATE","table_name":"users","record_id":"428","changed_status":"0","timestamp":"2024-09-05 10:09:07","uploaded":"0"}
{"id":"13040","action":"INSERT","table_name":"user_log","record_id":"7329","changed_status":"3","timestamp":"2024-09-05 10:16:56","uploaded":"0"}
{"id":"13041","action":"INSERT","table_name":"user_log","record_id":"7330","changed_status":"3","timestamp":"2024-09-05 10:30:32","uploaded":"0"}
{"id":"13042","action":"INSERT","table_name":"user_log","record_id":"7331","changed_status":"3","timestamp":"2024-09-05 10:37:07","uploaded":"0"}
{"id":"13043","action":"UPDATE","table_name":"users","record_id":"428","changed_status":"0","timestamp":"2024-09-05 10:37:07","uploaded":"0"}
{"id":"13044","action":"INSERT","table_name":"user_log","record_id":"7332","changed_status":"3","timestamp":"2024-09-05 10:38:04","uploaded":"0"}
{"id":"13045","action":"INSERT","table_name":"user_log","record_id":"7333","changed_status":"3","timestamp":"2024-09-05 10:44:11","uploaded":"0"}
{"id":"13046","action":"UPDATE","table_name":"survey","record_id":"2054","changed_status":"3","timestamp":"2024-09-05 11:10:16","uploaded":"0"}
{"id":"13047","action":"INSERT","table_name":"user_log","record_id":"7334","changed_status":"3","timestamp":"2024-09-05 11:36:48","uploaded":"0"}
{"id":"13048","action":"UPDATE","table_name":"users","record_id":"109","changed_status":"0","timestamp":"2024-09-05 11:36:48","uploaded":"0"}
{"id":"13049","action":"INSERT","table_name":"user_log","record_id":"7335","changed_status":"3","timestamp":"2024-09-05 11:36:52","uploaded":"0"}
{"id":"13050","action":"UPDATE","table_name":"users","record_id":"109","changed_status":"0","timestamp":"2024-09-05 11:36:52","uploaded":"0"}
{"id":"13051","action":"INSERT","table_name":"user_log","record_id":"7336","changed_status":"3","timestamp":"2024-09-05 11:36:54","uploaded":"0"}
{"id":"13052","action":"UPDATE","table_name":"users","record_id":"109","changed_status":"0","timestamp":"2024-09-05 11:36:54","uploaded":"0"}
{"id":"13053","action":"INSERT","table_name":"user_log","record_id":"7337","changed_status":"3","timestamp":"2024-09-05 12:09:23","uploaded":"0"}
{"id":"13054","action":"UPDATE","table_name":"users","record_id":"109","changed_status":"0","timestamp":"2024-09-05 12:09:23","uploaded":"0"}
{"id":"13055","action":"INSERT","table_name":"user_log","record_id":"7338","changed_status":"3","timestamp":"2024-09-05 12:09:45","uploaded":"0"}
{"id":"13056","action":"UPDATE","table_name":"users","record_id":"109","changed_status":"0","timestamp":"2024-09-05 12:09:45","uploaded":"0"}
{"id":"13057","action":"INSERT","table_name":"user_log","record_id":"7339","changed_status":"3","timestamp":"2024-09-05 12:48:29","uploaded":"0"}
{"id":"13058","action":"UPDATE","table_name":"users","record_id":"5195","changed_status":"0","timestamp":"2024-09-05 12:51:48","uploaded":"0"}
{"id":"13059","action":"UPDATE","table_name":"clients","record_id":"272","changed_status":"3","timestamp":"2024-09-05 12:51:52","uploaded":"0"}
{"id":"13060","action":"INSERT","table_name":"user_log","record_id":"7340","changed_status":"3","timestamp":"2024-09-05 12:51:52","uploaded":"0"}
{"id":"13061","action":"INSERT","table_name":"user_log","record_id":"7341","changed_status":"3","timestamp":"2024-09-05 13:20:43","uploaded":"0"}
{"id":"13062","action":"UPDATE","table_name":"users","record_id":"109","changed_status":"0","timestamp":"2024-09-05 13:20:43","uploaded":"0"}
{"id":"13063","action":"INSERT","table_name":"user_log","record_id":"7342","changed_status":"3","timestamp":"2024-09-05 13:22:20","uploaded":"0"}
{"id":"13064","action":"UPDATE","table_name":"users","record_id":"109","changed_status":"0","timestamp":"2024-09-05 13:22:20","uploaded":"0"}
{"id":"13065","action":"INSERT","table_name":"user_log","record_id":"7343","changed_status":"3","timestamp":"2024-09-05 13:32:45","uploaded":"0"}
{"id":"13066","action":"INSERT","table_name":"user_log","record_id":"7344","changed_status":"3","timestamp":"2024-09-05 13:44:41","uploaded":"0"}
{"id":"13067","action":"UPDATE","table_name":"users","record_id":"5762","changed_status":"0","timestamp":"2024-09-05 13:45:02","uploaded":"0"}
{"id":"13068","action":"UPDATE","table_name":"users","record_id":"5598","changed_status":"0","timestamp":"2024-09-05 13:46:00","uploaded":"0"}
{"id":"13069","action":"INSERT","table_name":"user_log","record_id":"7345","changed_status":"3","timestamp":"2024-09-05 13:48:22","uploaded":"0"}
{"id":"13070","action":"UPDATE","table_name":"users","record_id":"5762","changed_status":"0","timestamp":"2024-09-05 13:49:30","uploaded":"0"}
{"id":"13071","action":"UPDATE","table_name":"users","record_id":"5598","changed_status":"0","timestamp":"2024-09-05 13:50:42","uploaded":"0"}
{"id":"13072","action":"UPDATE","table_name":"users","record_id":"5598","changed_status":"0","timestamp":"2024-09-05 13:53:57","uploaded":"0"}
{"id":"13073","action":"UPDATE","table_name":"users","record_id":"5598","changed_status":"0","timestamp":"2024-09-05 13:55:12","uploaded":"0"}
{"id":"13074","action":"UPDATE","table_name":"users","record_id":"5598","changed_status":"0","timestamp":"2024-09-05 13:55:54","uploaded":"0"}
{"id":"13075","action":"UPDATE","table_name":"users","record_id":"5598","changed_status":"0","timestamp":"2024-09-05 13:56:46","uploaded":"0"}
{"id":"13076","action":"UPDATE","table_name":"users","record_id":"5598","changed_status":"0","timestamp":"2024-09-05 13:57:31","uploaded":"0"}
{"id":"13077","action":"UPDATE","table_name":"users","record_id":"5598","changed_status":"0","timestamp":"2024-09-05 13:57:40","uploaded":"0"}
{"id":"13078","action":"UPDATE","table_name":"users","record_id":"5598","changed_status":"0","timestamp":"2024-09-05 13:58:27","uploaded":"0"}
{"id":"13079","action":"UPDATE","table_name":"users","record_id":"5598","changed_status":"0","timestamp":"2024-09-05 13:59:18","uploaded":"0"}
{"id":"13080","action":"UPDATE","table_name":"users","record_id":"5598","changed_status":"0","timestamp":"2024-09-05 14:02:13","uploaded":"0"}
{"id":"13081","action":"UPDATE","table_name":"users","record_id":"5598","changed_status":"0","timestamp":"2024-09-05 14:02:58","uploaded":"0"}
{"id":"13082","action":"UPDATE","table_name":"clients","record_id":"291","changed_status":"3","timestamp":"2024-09-05 14:03:01","uploaded":"0"}
{"id":"13083","action":"INSERT","table_name":"user_log","record_id":"7346","changed_status":"3","timestamp":"2024-09-05 14:03:01","uploaded":"0"}
{"id":"13084","action":"INSERT","table_name":"user_log","record_id":"7347","changed_status":"3","timestamp":"2024-09-05 14:05:52","uploaded":"0"}
{"id":"13085","action":"INSERT","table_name":"user_log","record_id":"7348","changed_status":"3","timestamp":"2024-09-05 16:25:11","uploaded":"0"}
{"id":"13086","action":"UPDATE","table_name":"users","record_id":"324","changed_status":"0","timestamp":"2024-09-06 01:34:27","uploaded":"0"}
{"id":"13087","action":"UPDATE","table_name":"clients","record_id":"170","changed_status":"3","timestamp":"2024-09-06 01:34:32","uploaded":"0"}
{"id":"13088","action":"INSERT","table_name":"user_log","record_id":"7349","changed_status":"3","timestamp":"2024-09-06 01:34:32","uploaded":"0"}
{"id":"13089","action":"INSERT","table_name":"user_log","record_id":"7350","changed_status":"3","timestamp":"2024-09-06 01:49:24","uploaded":"0"}
{"id":"13090","action":"UPDATE","table_name":"users","record_id":"428","changed_status":"0","timestamp":"2024-09-06 01:49:24","uploaded":"0"}
{"id":"13091","action":"UPDATE","table_name":"survey","record_id":"2000","changed_status":"3","timestamp":"2024-09-06 01:51:31","uploaded":"0"}
{"id":"13092","action":"UPDATE","table_name":"users","record_id":"463","changed_status":"0","timestamp":"2024-09-06 01:53:36","uploaded":"0"}
{"id":"13093","action":"UPDATE","table_name":"clients","record_id":"202","changed_status":"3","timestamp":"2024-09-06 01:53:40","uploaded":"0"}
{"id":"13094","action":"INSERT","table_name":"user_log","record_id":"7351","changed_status":"3","timestamp":"2024-09-06 01:53:40","uploaded":"0"}
{"id":"13095","action":"INSERT","table_name":"survey","record_id":"2057","changed_status":"3","timestamp":"2024-09-06 01:59:12","uploaded":"0"}
{"id":"13096","action":"UPDATE","table_name":"survey","record_id":"2057","changed_status":"3","timestamp":"2024-09-06 02:08:18","uploaded":"0"}
{"id":"13097","action":"UPDATE","table_name":"users","record_id":"152","changed_status":"0","timestamp":"2024-09-06 04:12:16","uploaded":"0"}
{"id":"13098","action":"UPDATE","table_name":"clients","record_id":"91","changed_status":"3","timestamp":"2024-09-06 04:12:21","uploaded":"0"}
{"id":"13099","action":"INSERT","table_name":"user_log","record_id":"7352","changed_status":"3","timestamp":"2024-09-06 04:12:21","uploaded":"0"}
{"id":"13100","action":"INSERT","table_name":"user_log","record_id":"7353","changed_status":"3","timestamp":"2024-09-06 04:19:04","uploaded":"0"}
{"id":"13101","action":"INSERT","table_name":"user_log","record_id":"7354","changed_status":"3","timestamp":"2024-09-06 04:23:44","uploaded":"0"}
{"id":"13102","action":"INSERT","table_name":"user_log","record_id":"7355","changed_status":"3","timestamp":"2024-09-06 04:41:50","uploaded":"0"}
{"id":"13103","action":"UPDATE","table_name":"survey","record_id":"2013","changed_status":"3","timestamp":"2024-09-06 04:55:39","uploaded":"0"}
{"id":"13104","action":"UPDATE","table_name":"survey","record_id":"2013","changed_status":"3","timestamp":"2024-09-06 04:58:26","uploaded":"0"}
{"id":"13105","action":"INSERT","table_name":"user_log","record_id":"7356","changed_status":"3","timestamp":"2024-09-06 05:02:30","uploaded":"0"}
{"id":"13106","action":"UPDATE","table_name":"users","record_id":"5595","changed_status":"0","timestamp":"2024-09-06 05:06:15","uploaded":"0"}
{"id":"13107","action":"UPDATE","table_name":"clients","record_id":"291","changed_status":"3","timestamp":"2024-09-06 05:06:18","uploaded":"0"}
{"id":"13108","action":"INSERT","table_name":"user_log","record_id":"7357","changed_status":"3","timestamp":"2024-09-06 05:06:18","uploaded":"0"}
{"id":"13109","action":"UPDATE","table_name":"users","record_id":"5598","changed_status":"0","timestamp":"2024-09-06 05:07:07","uploaded":"0"}
{"id":"13110","action":"UPDATE","table_name":"clients","record_id":"291","changed_status":"3","timestamp":"2024-09-06 05:07:10","uploaded":"0"}
{"id":"13111","action":"INSERT","table_name":"user_log","record_id":"7358","changed_status":"3","timestamp":"2024-09-06 05:07:10","uploaded":"0"}
{"id":"13112","action":"UPDATE","table_name":"users","record_id":"5283","changed_status":"0","timestamp":"2024-09-06 05:08:12","uploaded":"0"}
{"id":"13113","action":"UPDATE","table_name":"clients","record_id":"273","changed_status":"3","timestamp":"2024-09-06 05:08:15","uploaded":"0"}
{"id":"13114","action":"INSERT","table_name":"user_log","record_id":"7359","changed_status":"3","timestamp":"2024-09-06 05:08:15","uploaded":"0"}
{"id":"13115","action":"INSERT","table_name":"user_log","record_id":"7360","changed_status":"3","timestamp":"2024-09-06 05:09:12","uploaded":"0"}
{"id":"13116","action":"INSERT","table_name":"user_log","record_id":"7361","changed_status":"3","timestamp":"2024-09-06 05:12:12","uploaded":"0"}
{"id":"13117","action":"INSERT","table_name":"user_log","record_id":"7362","changed_status":"3","timestamp":"2024-09-06 05:12:41","uploaded":"0"}
{"id":"13118","action":"INSERT","table_name":"user_log","record_id":"7363","changed_status":"3","timestamp":"2024-09-06 05:14:46","uploaded":"0"}
{"id":"13119","action":"UPDATE","table_name":"users","record_id":"5503","changed_status":"0","timestamp":"2024-09-06 05:19:07","uploaded":"0"}
{"id":"13120","action":"UPDATE","table_name":"clients","record_id":"282","changed_status":"3","timestamp":"2024-09-06 05:19:11","uploaded":"0"}
{"id":"13121","action":"INSERT","table_name":"user_log","record_id":"7364","changed_status":"3","timestamp":"2024-09-06 05:19:11","uploaded":"0"}
{"id":"13122","action":"UPDATE","table_name":"users","record_id":"3","changed_status":"0","timestamp":"2024-09-06 05:28:08","uploaded":"0"}
{"id":"13123","action":"INSERT","table_name":"user_log","record_id":"7365","changed_status":"3","timestamp":"2024-09-06 05:28:11","uploaded":"0"}
{"id":"13124","action":"INSERT","table_name":"user_log","record_id":"7366","changed_status":"3","timestamp":"2024-09-06 05:31:41","uploaded":"0"}
{"id":"13125","action":"INSERT","table_name":"user_log","record_id":"7367","changed_status":"3","timestamp":"2024-09-06 05:32:01","uploaded":"0"}
{"id":"13126","action":"INSERT","table_name":"user_log","record_id":"7368","changed_status":"3","timestamp":"2024-09-06 05:49:27","uploaded":"0"}
{"id":"13127","action":"INSERT","table_name":"user_log","record_id":"7369","changed_status":"3","timestamp":"2024-09-06 05:51:14","uploaded":"0"}
{"id":"13128","action":"INSERT","table_name":"user_log","record_id":"7370","changed_status":"3","timestamp":"2024-09-06 05:56:04","uploaded":"0"}
{"id":"13129","action":"INSERT","table_name":"user_log","record_id":"7371","changed_status":"3","timestamp":"2024-09-06 05:58:01","uploaded":"0"}
{"id":"13130","action":"INSERT","table_name":"user_log","record_id":"7372","changed_status":"3","timestamp":"2024-09-06 05:58:38","uploaded":"0"}
{"id":"13131","action":"INSERT","table_name":"user_log","record_id":"7373","changed_status":"3","timestamp":"2024-09-06 05:59:43","uploaded":"0"}
{"id":"13132","action":"INSERT","table_name":"user_log","record_id":"7374","changed_status":"3","timestamp":"2024-09-06 05:59:47","uploaded":"0"}
{"id":"13133","action":"INSERT","table_name":"user_log","record_id":"7375","changed_status":"3","timestamp":"2024-09-06 05:59:49","uploaded":"0"}
{"id":"13134","action":"INSERT","table_name":"user_log","record_id":"7376","changed_status":"3","timestamp":"2024-09-06 06:00:02","uploaded":"0"}
{"id":"13135","action":"INSERT","table_name":"user_log","record_id":"7377","changed_status":"3","timestamp":"2024-09-06 06:00:14","uploaded":"0"}
{"id":"13136","action":"INSERT","table_name":"user_log","record_id":"7378","changed_status":"3","timestamp":"2024-09-06 06:00:25","uploaded":"0"}
{"id":"13137","action":"INSERT","table_name":"user_log","record_id":"7379","changed_status":"3","timestamp":"2024-09-06 06:00:46","uploaded":"0"}
{"id":"13138","action":"INSERT","table_name":"user_log","record_id":"7380","changed_status":"3","timestamp":"2024-09-06 06:00:48","uploaded":"0"}
{"id":"13139","action":"INSERT","table_name":"user_log","record_id":"7381","changed_status":"3","timestamp":"2024-09-06 06:00:50","uploaded":"0"}
{"id":"13140","action":"INSERT","table_name":"user_log","record_id":"7382","changed_status":"3","timestamp":"2024-09-06 06:00:51","uploaded":"0"}
{"id":"13141","action":"INSERT","table_name":"user_log","record_id":"7383","changed_status":"3","timestamp":"2024-09-06 06:00:52","uploaded":"0"}
{"id":"13142","action":"INSERT","table_name":"user_log","record_id":"7384","changed_status":"3","timestamp":"2024-09-06 06:00:52","uploaded":"0"}
{"id":"13143","action":"INSERT","table_name":"user_log","record_id":"7385","changed_status":"3","timestamp":"2024-09-06 06:00:53","uploaded":"0"}
{"id":"13144","action":"INSERT","table_name":"user_log","record_id":"7386","changed_status":"3","timestamp":"2024-09-06 06:00:57","uploaded":"0"}
{"id":"13145","action":"INSERT","table_name":"user_log","record_id":"7387","changed_status":"3","timestamp":"2024-09-06 06:02:25","uploaded":"0"}
{"id":"13146","action":"INSERT","table_name":"user_log","record_id":"7388","changed_status":"3","timestamp":"2024-09-06 06:05:16","uploaded":"0"}
{"id":"13147","action":"INSERT","table_name":"user_log","record_id":"7389","changed_status":"3","timestamp":"2024-09-06 06:05:17","uploaded":"0"}
{"id":"13148","action":"INSERT","table_name":"user_log","record_id":"7390","changed_status":"3","timestamp":"2024-09-06 06:07:13","uploaded":"0"}
{"id":"13149","action":"INSERT","table_name":"user_log","record_id":"7391","changed_status":"3","timestamp":"2024-09-06 06:07:14","uploaded":"0"}
{"id":"13150","action":"INSERT","table_name":"user_log","record_id":"7392","changed_status":"3","timestamp":"2024-09-06 06:07:15","uploaded":"0"}
{"id":"13151","action":"INSERT","table_name":"user_log","record_id":"7393","changed_status":"3","timestamp":"2024-09-06 06:21:31","uploaded":"0"}
{"id":"13152","action":"INSERT","table_name":"user_log","record_id":"7394","changed_status":"3","timestamp":"2024-09-06 06:24:53","uploaded":"0"}
{"id":"13153","action":"INSERT","table_name":"user_log","record_id":"7395","changed_status":"3","timestamp":"2024-09-06 07:14:17","uploaded":"0"}
{"id":"13154","action":"INSERT","table_name":"user_log","record_id":"7396","changed_status":"3","timestamp":"2024-09-06 07:24:09","uploaded":"0"}
{"id":"13155","action":"UPDATE","table_name":"users","record_id":"5713","changed_status":"0","timestamp":"2024-09-06 07:56:29","uploaded":"0"}
{"id":"13156","action":"UPDATE","table_name":"clients","record_id":"301","changed_status":"3","timestamp":"2024-09-06 07:56:32","uploaded":"0"}
{"id":"13157","action":"INSERT","table_name":"user_log","record_id":"7397","changed_status":"3","timestamp":"2024-09-06 07:56:32","uploaded":"0"}
{"id":"13158","action":"INSERT","table_name":"user_log","record_id":"7398","changed_status":"3","timestamp":"2024-09-06 08:07:28","uploaded":"0"}
{"id":"13159","action":"INSERT","table_name":"survey","record_id":"2058","changed_status":"3","timestamp":"2024-09-06 08:15:00","uploaded":"0"}
{"id":"13160","action":"UPDATE","table_name":"survey","record_id":"2058","changed_status":"3","timestamp":"2024-09-06 08:28:10","uploaded":"0"}
{"id":"13161","action":"INSERT","table_name":"user_log","record_id":"7399","changed_status":"3","timestamp":"2024-09-06 08:30:57","uploaded":"0"}
{"id":"13162","action":"INSERT","table_name":"user_log","record_id":"7400","changed_status":"3","timestamp":"2024-09-06 08:35:39","uploaded":"0"}
{"id":"13163","action":"UPDATE","table_name":"survey","record_id":"1977","changed_status":"3","timestamp":"2024-09-06 08:36:18","uploaded":"0"}
{"id":"13164","action":"INSERT","table_name":"user_log","record_id":"7401","changed_status":"3","timestamp":"2024-09-06 08:45:46","uploaded":"0"}
{"id":"13165","action":"INSERT","table_name":"user_log","record_id":"7402","changed_status":"3","timestamp":"2024-09-06 09:07:19","uploaded":"0"}
{"id":"13166","action":"INSERT","table_name":"user_log","record_id":"7403","changed_status":"3","timestamp":"2024-09-06 09:10:23","uploaded":"0"}
{"id":"13167","action":"INSERT","table_name":"user_log","record_id":"7404","changed_status":"3","timestamp":"2024-09-06 09:21:09","uploaded":"0"}
{"id":"13168","action":"INSERT","table_name":"user_log","record_id":"7405","changed_status":"3","timestamp":"2024-09-06 09:52:36","uploaded":"0"}
{"id":"13169","action":"INSERT","table_name":"user_log","record_id":"7406","changed_status":"3","timestamp":"2024-09-06 09:53:31","uploaded":"0"}
{"id":"13170","action":"INSERT","table_name":"user_log","record_id":"7407","changed_status":"3","timestamp":"2024-09-06 09:57:00","uploaded":"0"}
{"id":"13171","action":"INSERT","table_name":"user_log","record_id":"7408","changed_status":"3","timestamp":"2024-09-06 10:03:35","uploaded":"0"}
{"id":"13172","action":"INSERT","table_name":"user_log","record_id":"7409","changed_status":"3","timestamp":"2024-09-06 10:04:26","uploaded":"0"}
{"id":"13173","action":"INSERT","table_name":"user_log","record_id":"7410","changed_status":"3","timestamp":"2024-09-06 10:16:29","uploaded":"0"}
{"id":"13174","action":"UPDATE","table_name":"survey","record_id":"2013","changed_status":"3","timestamp":"2024-09-06 10:19:24","uploaded":"0"}
{"id":"13175","action":"UPDATE","table_name":"survey","record_id":"2013","changed_status":"3","timestamp":"2024-09-06 10:20:07","uploaded":"0"}
{"id":"13176","action":"UPDATE","table_name":"survey","record_id":"2013","changed_status":"3","timestamp":"2024-09-06 10:21:09","uploaded":"0"}
{"id":"13177","action":"UPDATE","table_name":"survey","record_id":"2013","changed_status":"3","timestamp":"2024-09-06 10:22:47","uploaded":"0"}
{"id":"13178","action":"UPDATE","table_name":"survey","record_id":"2013","changed_status":"3","timestamp":"2024-09-06 10:23:25","uploaded":"0"}
{"id":"13179","action":"INSERT","table_name":"user_log","record_id":"7411","changed_status":"3","timestamp":"2024-09-06 10:26:05","uploaded":"0"}
{"id":"13180","action":"INSERT","table_name":"user_log","record_id":"7412","changed_status":"3","timestamp":"2024-09-06 10:33:09","uploaded":"0"}
{"id":"13181","action":"UPDATE","table_name":"users","record_id":"3","changed_status":"0","timestamp":"2024-09-06 10:34:40","uploaded":"0"}
{"id":"13182","action":"UPDATE","table_name":"users","record_id":"428","changed_status":"0","timestamp":"2024-09-06 10:35:16","uploaded":"0"}
{"id":"13183","action":"UPDATE","table_name":"users","record_id":"428","changed_status":"0","timestamp":"2024-09-06 10:41:53","uploaded":"0"}
{"id":"13184","action":"INSERT","table_name":"user_log","record_id":"7413","changed_status":"3","timestamp":"2024-09-06 10:42:05","uploaded":"0"}
{"id":"13185","action":"UPDATE","table_name":"users","record_id":"428","changed_status":"0","timestamp":"2024-09-06 10:45:34","uploaded":"0"}
{"id":"13186","action":"UPDATE","table_name":"users","record_id":"428","changed_status":"0","timestamp":"2024-09-06 10:57:42","uploaded":"0"}
{"id":"13187","action":"UPDATE","table_name":"users","record_id":"428","changed_status":"0","timestamp":"2024-09-06 10:58:01","uploaded":"0"}
{"id":"13188","action":"UPDATE","table_name":"users","record_id":"428","changed_status":"0","timestamp":"2024-09-06 11:07:17","uploaded":"0"}
{"id":"13189","action":"UPDATE","table_name":"users","record_id":"428","changed_status":"0","timestamp":"2024-09-06 11:10:41","uploaded":"0"}
{"id":"13190","action":"UPDATE","table_name":"users","record_id":"428","changed_status":"0","timestamp":"2024-09-06 11:11:25","uploaded":"0"}
{"id":"13191","action":"INSERT","table_name":"user_log","record_id":"7414","changed_status":"3","timestamp":"2024-09-06 11:14:17","uploaded":"0"}
{"id":"13192","action":"UPDATE","table_name":"users","record_id":"428","changed_status":"0","timestamp":"2024-09-06 11:14:17","uploaded":"0"}
{"id":"13193","action":"INSERT","table_name":"user_log","record_id":"7415","changed_status":"3","timestamp":"2024-09-06 11:15:04","uploaded":"0"}
{"id":"13194","action":"INSERT","table_name":"user_log","record_id":"7416","changed_status":"3","timestamp":"2024-09-06 11:15:06","uploaded":"0"}
{"id":"13195","action":"INSERT","table_name":"user_log","record_id":"7417","changed_status":"3","timestamp":"2024-09-06 11:15:07","uploaded":"0"}
{"id":"13196","action":"UPDATE","table_name":"users","record_id":"428","changed_status":"0","timestamp":"2024-09-06 11:20:36","uploaded":"0"}
{"id":"13197","action":"INSERT","table_name":"user_log","record_id":"7418","changed_status":"3","timestamp":"2024-09-06 11:22:42","uploaded":"0"}
{"id":"13198","action":"UPDATE","table_name":"users","record_id":"428","changed_status":"0","timestamp":"2024-09-06 11:24:48","uploaded":"0"}
{"id":"13199","action":"UPDATE","table_name":"survey","record_id":"2058","changed_status":"3","timestamp":"2024-09-06 11:26:31","uploaded":"0"}
{"id":"13200","action":"UPDATE","table_name":"survey","record_id":"2058","changed_status":"3","timestamp":"2024-09-06 11:28:31","uploaded":"0"}
{"id":"13201","action":"INSERT","table_name":"user_log","record_id":"7419","changed_status":"3","timestamp":"2024-09-06 11:28:48","uploaded":"0"}
{"id":"13202","action":"INSERT","table_name":"user_log","record_id":"7420","changed_status":"3","timestamp":"2024-09-06 11:31:32","uploaded":"0"}
{"id":"13203","action":"UPDATE","table_name":"users","record_id":"428","changed_status":"0","timestamp":"2024-09-06 11:32:39","uploaded":"0"}
{"id":"13204","action":"INSERT","table_name":"user_log","record_id":"7421","changed_status":"3","timestamp":"2024-09-06 11:35:55","uploaded":"0"}
{"id":"13205","action":"INSERT","table_name":"survey","record_id":"2059","changed_status":"3","timestamp":"2024-09-06 11:49:30","uploaded":"0"}
{"id":"13206","action":"INSERT","table_name":"user_log","record_id":"7422","changed_status":"3","timestamp":"2024-09-06 11:57:42","uploaded":"0"}
{"id":"13207","action":"INSERT","table_name":"user_log","record_id":"7423","changed_status":"3","timestamp":"2024-09-06 12:02:02","uploaded":"0"}
{"id":"13208","action":"INSERT","table_name":"user_log","record_id":"7424","changed_status":"3","timestamp":"2024-09-06 12:06:12","uploaded":"0"}
{"id":"13209","action":"INSERT","table_name":"user_log","record_id":"7425","changed_status":"3","timestamp":"2024-09-06 12:23:25","uploaded":"0"}
{"id":"13210","action":"INSERT","table_name":"user_log","record_id":"7426","changed_status":"3","timestamp":"2024-09-06 12:29:31","uploaded":"0"}
{"id":"13211","action":"UPDATE","table_name":"survey","record_id":"2058","changed_status":"3","timestamp":"2024-09-06 12:31:28","uploaded":"0"}
{"id":"13212","action":"INSERT","table_name":"user_log","record_id":"7427","changed_status":"3","timestamp":"2024-09-06 12:31:55","uploaded":"0"}
{"id":"13213","action":"INSERT","table_name":"user_log","record_id":"7428","changed_status":"3","timestamp":"2024-09-06 12:32:20","uploaded":"0"}
{"id":"13214","action":"INSERT","table_name":"user_log","record_id":"7429","changed_status":"3","timestamp":"2024-09-06 12:32:22","uploaded":"0"}
{"id":"13215","action":"INSERT","table_name":"user_log","record_id":"7430","changed_status":"3","timestamp":"2024-09-06 12:32:29","uploaded":"0"}
{"id":"13216","action":"INSERT","table_name":"user_log","record_id":"7431","changed_status":"3","timestamp":"2024-09-06 12:32:38","uploaded":"0"}
{"id":"13217","action":"INSERT","table_name":"user_log","record_id":"7432","changed_status":"3","timestamp":"2024-09-06 12:32:54","uploaded":"0"}
{"id":"13218","action":"UPDATE","table_name":"survey","record_id":"2059","changed_status":"3","timestamp":"2024-09-06 12:35:40","uploaded":"0"}
{"id":"13219","action":"INSERT","table_name":"user_log","record_id":"7433","changed_status":"3","timestamp":"2024-09-06 12:42:53","uploaded":"0"}
{"id":"13220","action":"INSERT","table_name":"user_log","record_id":"7434","changed_status":"3","timestamp":"2024-09-06 12:53:38","uploaded":"0"}
{"id":"13221","action":"INSERT","table_name":"user_log","record_id":"7435","changed_status":"3","timestamp":"2024-09-06 12:54:01","uploaded":"0"}
{"id":"13222","action":"INSERT","table_name":"user_log","record_id":"7436","changed_status":"3","timestamp":"2024-09-06 12:58:50","uploaded":"0"}
{"id":"13223","action":"UPDATE","table_name":"survey","record_id":"2058","changed_status":"3","timestamp":"2024-09-06 13:00:14","uploaded":"0"}
{"id":"13224","action":"INSERT","table_name":"user_log","record_id":"7437","changed_status":"3","timestamp":"2024-09-06 13:23:18","uploaded":"0"}
{"id":"13225","action":"INSERT","table_name":"user_log","record_id":"7438","changed_status":"3","timestamp":"2024-09-06 13:24:12","uploaded":"0"}
{"id":"13226","action":"INSERT","table_name":"user_log","record_id":"7439","changed_status":"3","timestamp":"2024-09-06 13:26:15","uploaded":"0"}
{"id":"13227","action":"INSERT","table_name":"survey","record_id":"2060","changed_status":"3","timestamp":"2024-09-06 13:26:50","uploaded":"0"}
{"id":"13228","action":"UPDATE","table_name":"survey","record_id":"2060","changed_status":"3","timestamp":"2024-09-06 13:36:08","uploaded":"0"}
{"id":"13229","action":"INSERT","table_name":"user_log","record_id":"7440","changed_status":"3","timestamp":"2024-09-06 14:32:06","uploaded":"0"}
{"id":"13230","action":"UPDATE","table_name":"users","record_id":"5318","changed_status":"0","timestamp":"2024-09-06 14:35:53","uploaded":"0"}
{"id":"13231","action":"UPDATE","table_name":"users","record_id":"5318","changed_status":"0","timestamp":"2024-09-06 14:46:18","uploaded":"0"}
{"id":"13232","action":"INSERT","table_name":"user_log","record_id":"7441","changed_status":"3","timestamp":"2024-09-06 14:46:18","uploaded":"0"}
{"id":"13233","action":"INSERT","table_name":"user_log","record_id":"7442","changed_status":"3","timestamp":"2024-09-06 15:16:22","uploaded":"0"}
{"id":"13234","action":"INSERT","table_name":"user_log","record_id":"7443","changed_status":"3","timestamp":"2024-09-06 15:46:39","uploaded":"0"}
{"id":"13235","action":"UPDATE","table_name":"users","record_id":"5713","changed_status":"0","timestamp":"2024-09-07 02:06:14","uploaded":"0"}
{"id":"13236","action":"UPDATE","table_name":"clients","record_id":"301","changed_status":"3","timestamp":"2024-09-07 02:06:18","uploaded":"0"}
{"id":"13237","action":"INSERT","table_name":"user_log","record_id":"7444","changed_status":"3","timestamp":"2024-09-07 02:06:18","uploaded":"0"}
{"id":"13238","action":"INSERT","table_name":"survey","record_id":"2061","changed_status":"3","timestamp":"2024-09-07 02:07:51","uploaded":"0"}
{"id":"13239","action":"UPDATE","table_name":"survey","record_id":"2056","changed_status":"3","timestamp":"2024-09-07 02:18:13","uploaded":"0"}
{"id":"13240","action":"UPDATE","table_name":"survey","record_id":"2061","changed_status":"3","timestamp":"2024-09-07 02:18:23","uploaded":"0"}
{"id":"13241","action":"UPDATE","table_name":"users","record_id":"5503","changed_status":"0","timestamp":"2024-09-07 03:50:37","uploaded":"0"}
{"id":"13242","action":"UPDATE","table_name":"clients","record_id":"282","changed_status":"3","timestamp":"2024-09-07 03:50:41","uploaded":"0"}
{"id":"13243","action":"INSERT","table_name":"user_log","record_id":"7445","changed_status":"3","timestamp":"2024-09-07 03:50:41","uploaded":"0"}
{"id":"13244","action":"UPDATE","table_name":"users","record_id":"152","changed_status":"0","timestamp":"2024-09-07 04:31:44","uploaded":"0"}
{"id":"13245","action":"UPDATE","table_name":"clients","record_id":"91","changed_status":"3","timestamp":"2024-09-07 04:31:48","uploaded":"0"}
{"id":"13246","action":"INSERT","table_name":"user_log","record_id":"7446","changed_status":"3","timestamp":"2024-09-07 04:31:48","uploaded":"0"}
{"id":"13247","action":"UPDATE","table_name":"users","record_id":"109","changed_status":"0","timestamp":"2024-09-07 04:32:39","uploaded":"0"}
{"id":"13248","action":"UPDATE","table_name":"users","record_id":"109","changed_status":"0","timestamp":"2024-09-07 04:32:45","uploaded":"0"}
{"id":"13249","action":"INSERT","table_name":"user_log","record_id":"7447","changed_status":"3","timestamp":"2024-09-07 04:32:45","uploaded":"0"}
{"id":"13250","action":"UPDATE","table_name":"users","record_id":"3","changed_status":"0","timestamp":"2024-09-07 04:41:19","uploaded":"0"}
{"id":"13251","action":"INSERT","table_name":"user_log","record_id":"7448","changed_status":"3","timestamp":"2024-09-07 04:41:22","uploaded":"0"}
{"id":"13252","action":"INSERT","table_name":"user_log","record_id":"7449","changed_status":"3","timestamp":"2024-09-07 04:56:58","uploaded":"0"}
{"id":"13253","action":"INSERT","table_name":"survey","record_id":"2062","changed_status":"3","timestamp":"2024-09-07 04:57:52","uploaded":"0"}
{"id":"13254","action":"UPDATE","table_name":"survey","record_id":"2062","changed_status":"3","timestamp":"2024-09-07 04:58:28","uploaded":"0"}
{"id":"13255","action":"INSERT","table_name":"user_log","record_id":"7450","changed_status":"3","timestamp":"2024-09-07 05:47:39","uploaded":"0"}
{"id":"13256","action":"UPDATE","table_name":"survey","record_id":"2013","changed_status":"3","timestamp":"2024-09-07 06:06:20","uploaded":"0"}
{"id":"13257","action":"UPDATE","table_name":"survey","record_id":"2013","changed_status":"3","timestamp":"2024-09-07 06:10:37","uploaded":"0"}
{"id":"13258","action":"UPDATE","table_name":"survey","record_id":"2013","changed_status":"3","timestamp":"2024-09-07 06:11:16","uploaded":"0"}
{"id":"13259","action":"INSERT","table_name":"user_log","record_id":"7451","changed_status":"3","timestamp":"2024-09-07 06:12:17","uploaded":"0"}
{"id":"13260","action":"INSERT","table_name":"user_log","record_id":"7452","changed_status":"3","timestamp":"2024-09-07 06:13:11","uploaded":"0"}
{"id":"13261","action":"INSERT","table_name":"user_log","record_id":"7453","changed_status":"3","timestamp":"2024-09-07 06:36:44","uploaded":"0"}
{"id":"13262","action":"INSERT","table_name":"user_log","record_id":"7454","changed_status":"3","timestamp":"2024-09-07 06:38:54","uploaded":"0"}
{"id":"13263","action":"INSERT","table_name":"user_log","record_id":"7455","changed_status":"3","timestamp":"2024-09-07 06:38:54","uploaded":"0"}
{"id":"13264","action":"INSERT","table_name":"user_log","record_id":"7456","changed_status":"3","timestamp":"2024-09-07 06:39:45","uploaded":"0"}
{"id":"13265","action":"INSERT","table_name":"user_log","record_id":"7457","changed_status":"3","timestamp":"2024-09-07 07:07:02","uploaded":"0"}
{"id":"13266","action":"UPDATE","table_name":"categories","record_id":"3","changed_status":"3","timestamp":"2024-09-07 07:08:12","uploaded":"0"}
{"id":"13267","action":"INSERT","table_name":"user_log","record_id":"7458","changed_status":"3","timestamp":"2024-09-07 08:25:58","uploaded":"0"}
{"id":"13268","action":"INSERT","table_name":"user_log","record_id":"7459","changed_status":"3","timestamp":"2024-09-07 08:51:08","uploaded":"0"}
{"id":"13269","action":"UPDATE","table_name":"users","record_id":"5283","changed_status":"0","timestamp":"2024-09-07 10:59:43","uploaded":"0"}
{"id":"13270","action":"UPDATE","table_name":"clients","record_id":"273","changed_status":"3","timestamp":"2024-09-07 10:59:46","uploaded":"0"}
{"id":"13271","action":"INSERT","table_name":"user_log","record_id":"7460","changed_status":"3","timestamp":"2024-09-07 10:59:46","uploaded":"0"}
{"id":"13272","action":"INSERT","table_name":"user_log","record_id":"7461","changed_status":"3","timestamp":"2024-09-07 15:25:44","uploaded":"0"}
{"id":"13273","action":"INSERT","table_name":"user_log","record_id":"7462","changed_status":"3","timestamp":"2024-09-07 16:03:13","uploaded":"0"}
{"id":"13274","action":"INSERT","table_name":"user_log","record_id":"7463","changed_status":"3","timestamp":"2024-09-07 16:59:11","uploaded":"0"}
{"id":"13275","action":"UPDATE","table_name":"users","record_id":"5503","changed_status":"0","timestamp":"2024-09-08 06:03:30","uploaded":"0"}
{"id":"13276","action":"UPDATE","table_name":"clients","record_id":"282","changed_status":"3","timestamp":"2024-09-08 06:03:34","uploaded":"0"}
{"id":"13277","action":"INSERT","table_name":"user_log","record_id":"7464","changed_status":"3","timestamp":"2024-09-08 06:03:34","uploaded":"0"}
{"id":"13278","action":"INSERT","table_name":"user_log","record_id":"7465","changed_status":"3","timestamp":"2024-09-08 08:12:41","uploaded":"0"}
{"id":"13279","action":"INSERT","table_name":"user_log","record_id":"7466","changed_status":"3","timestamp":"2024-09-08 08:59:19","uploaded":"0"}
{"id":"13280","action":"INSERT","table_name":"survey","record_id":"2063","changed_status":"3","timestamp":"2024-09-08 09:06:09","uploaded":"0"}
{"id":"13281","action":"UPDATE","table_name":"survey","record_id":"2063","changed_status":"3","timestamp":"2024-09-08 09:08:07","uploaded":"0"}
{"id":"13282","action":"INSERT","table_name":"survey","record_id":"2064","changed_status":"3","timestamp":"2024-09-08 09:09:13","uploaded":"0"}
{"id":"13283","action":"UPDATE","table_name":"survey","record_id":"2064","changed_status":"3","timestamp":"2024-09-08 09:11:05","uploaded":"0"}
{"id":"13284","action":"INSERT","table_name":"survey","record_id":"2065","changed_status":"3","timestamp":"2024-09-08 09:11:53","uploaded":"0"}
{"id":"13285","action":"UPDATE","table_name":"survey","record_id":"2065","changed_status":"3","timestamp":"2024-09-08 09:14:03","uploaded":"0"}
{"id":"13286","action":"INSERT","table_name":"users","record_id":"5767","changed_status":"3","timestamp":"2024-09-08 09:22:45","uploaded":"0"}
{"id":"13287","action":"INSERT","table_name":"users","record_id":"5768","changed_status":"3","timestamp":"2024-09-08 09:23:16","uploaded":"0"}
{"id":"13288","action":"INSERT","table_name":"user_log","record_id":"7467","changed_status":"3","timestamp":"2024-09-08 09:23:48","uploaded":"0"}
{"id":"13289","action":"INSERT","table_name":"users","record_id":"5769","changed_status":"3","timestamp":"2024-09-08 09:24:06","uploaded":"0"}
{"id":"13290","action":"INSERT","table_name":"users","record_id":"5770","changed_status":"3","timestamp":"2024-09-08 09:24:59","uploaded":"0"}
{"id":"13291","action":"UPDATE","table_name":"users","record_id":"5770","changed_status":"0","timestamp":"2024-09-08 09:25:24","uploaded":"0"}
{"id":"13292","action":"UPDATE","table_name":"users","record_id":"5769","changed_status":"0","timestamp":"2024-09-08 09:25:29","uploaded":"0"}
{"id":"13293","action":"UPDATE","table_name":"users","record_id":"5768","changed_status":"0","timestamp":"2024-09-08 09:25:33","uploaded":"0"}
{"id":"13294","action":"UPDATE","table_name":"users","record_id":"5767","changed_status":"0","timestamp":"2024-09-08 09:25:38","uploaded":"0"}
{"id":"13295","action":"UPDATE","table_name":"users","record_id":"5767","changed_status":"0","timestamp":"2024-09-08 10:00:00","uploaded":"0"}
{"id":"13296","action":"INSERT","table_name":"user_log","record_id":"7468","changed_status":"3","timestamp":"2024-09-08 10:00:00","uploaded":"0"}
{"id":"13297","action":"UPDATE","table_name":"users","record_id":"5770","changed_status":"0","timestamp":"2024-09-08 10:01:51","uploaded":"0"}
{"id":"13298","action":"INSERT","table_name":"user_log","record_id":"7469","changed_status":"3","timestamp":"2024-09-08 10:01:51","uploaded":"0"}
{"id":"13299","action":"UPDATE","table_name":"users","record_id":"152","changed_status":"0","timestamp":"2024-09-08 10:04:50","uploaded":"0"}
{"id":"13300","action":"UPDATE","table_name":"clients","record_id":"91","changed_status":"3","timestamp":"2024-09-08 10:04:54","uploaded":"0"}
{"id":"13301","action":"INSERT","table_name":"user_log","record_id":"7470","changed_status":"3","timestamp":"2024-09-08 10:04:54","uploaded":"0"}
{"id":"13302","action":"INSERT","table_name":"user_log","record_id":"7471","changed_status":"3","timestamp":"2024-09-08 10:14:54","uploaded":"0"}
{"id":"13303","action":"INSERT","table_name":"user_log","record_id":"7472","changed_status":"3","timestamp":"2024-09-08 10:19:45","uploaded":"0"}
{"id":"13304","action":"UPDATE","table_name":"users","record_id":"5768","changed_status":"0","timestamp":"2024-09-08 10:49:13","uploaded":"0"}
{"id":"13305","action":"INSERT","table_name":"user_log","record_id":"7473","changed_status":"3","timestamp":"2024-09-08 10:49:13","uploaded":"0"}
{"id":"13306","action":"UPDATE","table_name":"users","record_id":"5769","changed_status":"0","timestamp":"2024-09-08 10:52:49","uploaded":"0"}
{"id":"13307","action":"INSERT","table_name":"user_log","record_id":"7474","changed_status":"3","timestamp":"2024-09-08 10:52:49","uploaded":"0"}
{"id":"13308","action":"INSERT","table_name":"user_log","record_id":"7475","changed_status":"3","timestamp":"2024-09-08 12:40:48","uploaded":"0"}
{"id":"13309","action":"UPDATE","table_name":"users","record_id":"5713","changed_status":"0","timestamp":"2024-09-08 13:49:08","uploaded":"0"}
{"id":"13310","action":"UPDATE","table_name":"clients","record_id":"301","changed_status":"3","timestamp":"2024-09-08 13:49:11","uploaded":"0"}
{"id":"13311","action":"INSERT","table_name":"user_log","record_id":"7476","changed_status":"3","timestamp":"2024-09-08 13:49:11","uploaded":"0"}
{"id":"13312","action":"UPDATE","table_name":"users","record_id":"5503","changed_status":"0","timestamp":"2024-09-09 03:48:38","uploaded":"0"}
{"id":"13313","action":"UPDATE","table_name":"clients","record_id":"282","changed_status":"3","timestamp":"2024-09-09 03:48:43","uploaded":"0"}
{"id":"13314","action":"INSERT","table_name":"user_log","record_id":"7477","changed_status":"3","timestamp":"2024-09-09 03:48:43","uploaded":"0"}
{"id":"13315","action":"UPDATE","table_name":"users","record_id":"3","changed_status":"0","timestamp":"2024-09-09 04:17:15","uploaded":"0"}
{"id":"13316","action":"INSERT","table_name":"user_log","record_id":"7478","changed_status":"3","timestamp":"2024-09-09 04:17:18","uploaded":"0"}
{"id":"13317","action":"INSERT","table_name":"user_log","record_id":"7479","changed_status":"3","timestamp":"2024-09-09 04:27:53","uploaded":"0"}
{"id":"13318","action":"UPDATE","table_name":"users","record_id":"463","changed_status":"0","timestamp":"2024-09-09 04:32:14","uploaded":"0"}
{"id":"13319","action":"UPDATE","table_name":"clients","record_id":"202","changed_status":"3","timestamp":"2024-09-09 04:32:19","uploaded":"0"}
{"id":"13320","action":"INSERT","table_name":"user_log","record_id":"7480","changed_status":"3","timestamp":"2024-09-09 04:32:19","uploaded":"0"}
{"id":"13321","action":"INSERT","table_name":"user_log","record_id":"7481","changed_status":"3","timestamp":"2024-09-09 04:38:32","uploaded":"0"}
{"id":"13322","action":"UPDATE","table_name":"users","record_id":"5195","changed_status":"0","timestamp":"2024-09-09 04:40:20","uploaded":"0"}
{"id":"13323","action":"UPDATE","table_name":"clients","record_id":"272","changed_status":"3","timestamp":"2024-09-09 04:40:25","uploaded":"0"}
{"id":"13324","action":"INSERT","table_name":"user_log","record_id":"7482","changed_status":"3","timestamp":"2024-09-09 04:40:25","uploaded":"0"}
{"id":"13325","action":"INSERT","table_name":"user_log","record_id":"7483","changed_status":"3","timestamp":"2024-09-09 04:40:26","uploaded":"0"}
{"id":"13326","action":"UPDATE","table_name":"users","record_id":"5713","changed_status":"0","timestamp":"2024-09-09 04:48:11","uploaded":"0"}
{"id":"13327","action":"UPDATE","table_name":"clients","record_id":"301","changed_status":"3","timestamp":"2024-09-09 04:48:14","uploaded":"0"}
{"id":"13328","action":"INSERT","table_name":"user_log","record_id":"7484","changed_status":"3","timestamp":"2024-09-09 04:48:14","uploaded":"0"}
{"id":"13329","action":"INSERT","table_name":"user_log","record_id":"7485","changed_status":"3","timestamp":"2024-09-09 04:56:09","uploaded":"0"}
{"id":"13330","action":"INSERT","table_name":"user_log","record_id":"7486","changed_status":"3","timestamp":"2024-09-09 05:12:48","uploaded":"0"}
{"id":"13331","action":"UPDATE","table_name":"survey","record_id":"2013","changed_status":"3","timestamp":"2024-09-09 05:27:46","uploaded":"0"}
{"id":"13332","action":"INSERT","table_name":"user_log","record_id":"7487","changed_status":"3","timestamp":"2024-09-09 05:29:01","uploaded":"0"}
{"id":"13333","action":"UPDATE","table_name":"survey","record_id":"2013","changed_status":"3","timestamp":"2024-09-09 05:53:38","uploaded":"0"}
{"id":"13334","action":"UPDATE","table_name":"survey","record_id":"2013","changed_status":"3","timestamp":"2024-09-09 05:53:45","uploaded":"0"}
{"id":"13335","action":"UPDATE","table_name":"survey","record_id":"2013","changed_status":"3","timestamp":"2024-09-09 05:54:20","uploaded":"0"}
{"id":"13336","action":"UPDATE","table_name":"survey","record_id":"2013","changed_status":"3","timestamp":"2024-09-09 05:58:05","uploaded":"0"}
{"id":"13337","action":"UPDATE","table_name":"survey","record_id":"2013","changed_status":"3","timestamp":"2024-09-09 06:07:05","uploaded":"0"}
{"id":"13338","action":"UPDATE","table_name":"survey","record_id":"2013","changed_status":"3","timestamp":"2024-09-09 06:07:13","uploaded":"0"}
{"id":"13339","action":"UPDATE","table_name":"survey","record_id":"2013","changed_status":"3","timestamp":"2024-09-09 06:08:59","uploaded":"0"}
{"id":"13340","action":"UPDATE","table_name":"survey","record_id":"2013","changed_status":"3","timestamp":"2024-09-09 06:09:20","uploaded":"0"}
{"id":"13341","action":"UPDATE","table_name":"survey","record_id":"2013","changed_status":"3","timestamp":"2024-09-09 06:09:54","uploaded":"0"}
{"id":"13342","action":"UPDATE","table_name":"survey","record_id":"2013","changed_status":"3","timestamp":"2024-09-09 06:13:13","uploaded":"0"}
{"id":"13343","action":"UPDATE","table_name":"survey","record_id":"2013","changed_status":"3","timestamp":"2024-09-09 06:13:21","uploaded":"0"}
{"id":"13344","action":"UPDATE","table_name":"survey","record_id":"2013","changed_status":"3","timestamp":"2024-09-09 06:20:45","uploaded":"0"}
{"id":"13345","action":"UPDATE","table_name":"survey","record_id":"2013","changed_status":"3","timestamp":"2024-09-09 06:24:39","uploaded":"0"}
{"id":"13346","action":"UPDATE","table_name":"survey","record_id":"2013","changed_status":"3","timestamp":"2024-09-09 06:25:12","uploaded":"0"}
{"id":"13347","action":"UPDATE","table_name":"survey","record_id":"2013","changed_status":"3","timestamp":"2024-09-09 06:27:33","uploaded":"0"}
{"id":"13348","action":"UPDATE","table_name":"survey","record_id":"2013","changed_status":"3","timestamp":"2024-09-09 06:28:07","uploaded":"0"}
{"id":"13349","action":"UPDATE","table_name":"survey","record_id":"2013","changed_status":"3","timestamp":"2024-09-09 06:29:56","uploaded":"0"}
{"id":"13350","action":"UPDATE","table_name":"survey","record_id":"2013","changed_status":"3","timestamp":"2024-09-09 06:32:54","uploaded":"0"}
{"id":"13351","action":"INSERT","table_name":"user_log","record_id":"7488","changed_status":"3","timestamp":"2024-09-09 06:37:01","uploaded":"0"}
{"id":"13352","action":"UPDATE","table_name":"survey","record_id":"2013","changed_status":"3","timestamp":"2024-09-09 06:38:07","uploaded":"0"}
{"id":"13353","action":"UPDATE","table_name":"survey","record_id":"2013","changed_status":"3","timestamp":"2024-09-09 06:41:22","uploaded":"0"}
{"id":"13354","action":"UPDATE","table_name":"survey","record_id":"2013","changed_status":"3","timestamp":"2024-09-09 06:42:02","uploaded":"0"}
{"id":"13355","action":"UPDATE","table_name":"survey","record_id":"2013","changed_status":"3","timestamp":"2024-09-09 06:42:55","uploaded":"0"}
{"id":"13356","action":"INSERT","table_name":"user_log","record_id":"7489","changed_status":"3","timestamp":"2024-09-09 06:48:02","uploaded":"0"}
{"id":"13357","action":"INSERT","table_name":"user_log","record_id":"7490","changed_status":"3","timestamp":"2024-09-09 06:48:51","uploaded":"0"}
{"id":"13358","action":"UPDATE","table_name":"users","record_id":"152","changed_status":"0","timestamp":"2024-09-09 06:51:19","uploaded":"0"}
{"id":"13359","action":"UPDATE","table_name":"clients","record_id":"91","changed_status":"3","timestamp":"2024-09-09 06:51:23","uploaded":"0"}
{"id":"13360","action":"INSERT","table_name":"user_log","record_id":"7491","changed_status":"3","timestamp":"2024-09-09 06:51:23","uploaded":"0"}
{"id":"13361","action":"INSERT","table_name":"user_log","record_id":"7492","changed_status":"3","timestamp":"2024-09-09 06:58:16","uploaded":"0"}
{"id":"13362","action":"INSERT","table_name":"user_log","record_id":"7493","changed_status":"3","timestamp":"2024-09-09 07:07:47","uploaded":"0"}
{"id":"13363","action":"UPDATE","table_name":"survey","record_id":"2013","changed_status":"3","timestamp":"2024-09-09 07:15:09","uploaded":"0"}
{"id":"13364","action":"UPDATE","table_name":"users","record_id":"324","changed_status":"0","timestamp":"2024-09-09 07:15:29","uploaded":"0"}
{"id":"13365","action":"UPDATE","table_name":"clients","record_id":"170","changed_status":"3","timestamp":"2024-09-09 07:15:34","uploaded":"0"}
{"id":"13366","action":"INSERT","table_name":"user_log","record_id":"7494","changed_status":"3","timestamp":"2024-09-09 07:15:34","uploaded":"0"}
{"id":"13367","action":"UPDATE","table_name":"users","record_id":"428","changed_status":"0","timestamp":"2024-09-09 07:17:02","uploaded":"0"}
{"id":"13368","action":"UPDATE","table_name":"survey","record_id":"2013","changed_status":"3","timestamp":"2024-09-09 07:17:11","uploaded":"0"}
{"id":"13369","action":"UPDATE","table_name":"users","record_id":"428","changed_status":"0","timestamp":"2024-09-09 07:17:42","uploaded":"0"}
{"id":"13370","action":"INSERT","table_name":"user_log","record_id":"7495","changed_status":"3","timestamp":"2024-09-09 07:17:42","uploaded":"0"}
{"id":"13371","action":"UPDATE","table_name":"survey","record_id":"2013","changed_status":"3","timestamp":"2024-09-09 07:20:16","uploaded":"0"}
{"id":"13372","action":"UPDATE","table_name":"survey","record_id":"2013","changed_status":"3","timestamp":"2024-09-09 07:21:12","uploaded":"0"}
{"id":"13373","action":"UPDATE","table_name":"survey","record_id":"2013","changed_status":"3","timestamp":"2024-09-09 07:22:52","uploaded":"0"}
{"id":"13374","action":"UPDATE","table_name":"survey","record_id":"2013","changed_status":"3","timestamp":"2024-09-09 07:23:20","uploaded":"0"}
{"id":"13375","action":"UPDATE","table_name":"survey","record_id":"2013","changed_status":"3","timestamp":"2024-09-09 07:24:56","uploaded":"0"}
{"id":"13376","action":"UPDATE","table_name":"survey","record_id":"2013","changed_status":"3","timestamp":"2024-09-09 07:25:25","uploaded":"0"}
{"id":"13377","action":"INSERT","table_name":"user_log","record_id":"7496","changed_status":"3","timestamp":"2024-09-09 07:26:16","uploaded":"0"}
{"id":"13378","action":"UPDATE","table_name":"users","record_id":"109","changed_status":"0","timestamp":"2024-09-09 07:26:16","uploaded":"0"}
{"id":"13379","action":"INSERT","table_name":"user_log","record_id":"7497","changed_status":"3","timestamp":"2024-09-09 07:26:34","uploaded":"0"}
{"id":"13380","action":"UPDATE","table_name":"survey","record_id":"2013","changed_status":"3","timestamp":"2024-09-09 07:27:17","uploaded":"0"}
{"id":"13381","action":"UPDATE","table_name":"survey","record_id":"2013","changed_status":"3","timestamp":"2024-09-09 07:31:59","uploaded":"0"}
{"id":"13382","action":"INSERT","table_name":"survey","record_id":"2066","changed_status":"3","timestamp":"2024-09-09 07:32:40","uploaded":"0"}
{"id":"13383","action":"UPDATE","table_name":"survey","record_id":"2066","changed_status":"3","timestamp":"2024-09-09 07:33:19","uploaded":"0"}
{"id":"13384","action":"UPDATE","table_name":"users","record_id":"5598","changed_status":"0","timestamp":"2024-09-09 07:36:37","uploaded":"0"}
{"id":"13385","action":"UPDATE","table_name":"clients","record_id":"291","changed_status":"3","timestamp":"2024-09-09 07:36:41","uploaded":"0"}
{"id":"13386","action":"INSERT","table_name":"user_log","record_id":"7498","changed_status":"3","timestamp":"2024-09-09 07:36:41","uploaded":"0"}
{"id":"13387","action":"INSERT","table_name":"user_log","record_id":"7499","changed_status":"3","timestamp":"2024-09-09 07:37:31","uploaded":"0"}
{"id":"13388","action":"UPDATE","table_name":"survey","record_id":"2013","changed_status":"3","timestamp":"2024-09-09 07:40:14","uploaded":"0"}
{"id":"13389","action":"UPDATE","table_name":"survey","record_id":"2013","changed_status":"3","timestamp":"2024-09-09 07:40:20","uploaded":"0"}
{"id":"13390","action":"UPDATE","table_name":"survey","record_id":"2013","changed_status":"3","timestamp":"2024-09-09 07:40:47","uploaded":"0"}
{"id":"13391","action":"UPDATE","table_name":"users","record_id":"5595","changed_status":"0","timestamp":"2024-09-09 07:40:47","uploaded":"0"}
{"id":"13392","action":"UPDATE","table_name":"clients","record_id":"291","changed_status":"3","timestamp":"2024-09-09 07:40:51","uploaded":"0"}
{"id":"13393","action":"INSERT","table_name":"user_log","record_id":"7500","changed_status":"3","timestamp":"2024-09-09 07:40:51","uploaded":"0"}
{"id":"13394","action":"UPDATE","table_name":"users","record_id":"5597","changed_status":"0","timestamp":"2024-09-09 07:41:25","uploaded":"0"}
{"id":"13395","action":"UPDATE","table_name":"clients","record_id":"291","changed_status":"3","timestamp":"2024-09-09 07:41:28","uploaded":"0"}
{"id":"13396","action":"INSERT","table_name":"user_log","record_id":"7501","changed_status":"3","timestamp":"2024-09-09 07:41:31","uploaded":"0"}
{"id":"13397","action":"UPDATE","table_name":"survey","record_id":"2013","changed_status":"3","timestamp":"2024-09-09 07:42:49","uploaded":"0"}
{"id":"13398","action":"UPDATE","table_name":"survey","record_id":"2013","changed_status":"3","timestamp":"2024-09-09 07:43:47","uploaded":"0"}
{"id":"13399","action":"UPDATE","table_name":"survey","record_id":"2013","changed_status":"3","timestamp":"2024-09-09 07:45:37","uploaded":"0"}
{"id":"13400","action":"INSERT","table_name":"user_log","record_id":"7502","changed_status":"3","timestamp":"2024-09-09 07:46:21","uploaded":"0"}
{"id":"13401","action":"UPDATE","table_name":"survey","record_id":"2013","changed_status":"3","timestamp":"2024-09-09 07:47:43","uploaded":"0"}
{"id":"13402","action":"UPDATE","table_name":"survey","record_id":"2013","changed_status":"3","timestamp":"2024-09-09 07:49:25","uploaded":"0"}
{"id":"13403","action":"INSERT","table_name":"user_log","record_id":"7503","changed_status":"3","timestamp":"2024-09-09 08:02:22","uploaded":"0"}
{"id":"13404","action":"INSERT","table_name":"user_log","record_id":"7504","changed_status":"3","timestamp":"2024-09-09 08:07:08","uploaded":"0"}
{"id":"13405","action":"INSERT","table_name":"user_log","record_id":"7505","changed_status":"3","timestamp":"2024-09-09 08:29:36","uploaded":"0"}
{"id":"13406","action":"UPDATE","table_name":"survey","record_id":"2013","changed_status":"3","timestamp":"2024-09-09 08:30:05","uploaded":"0"}
{"id":"13407","action":"INSERT","table_name":"user_log","record_id":"7506","changed_status":"3","timestamp":"2024-09-09 08:38:53","uploaded":"0"}
{"id":"13408","action":"UPDATE","table_name":"survey","record_id":"2013","changed_status":"3","timestamp":"2024-09-09 08:41:33","uploaded":"0"}
{"id":"13409","action":"UPDATE","table_name":"survey","record_id":"2013","changed_status":"3","timestamp":"2024-09-09 08:44:25","uploaded":"0"}
{"id":"13410","action":"UPDATE","table_name":"survey","record_id":"2013","changed_status":"3","timestamp":"2024-09-09 08:45:18","uploaded":"0"}
{"id":"13411","action":"INSERT","table_name":"user_log","record_id":"7507","changed_status":"3","timestamp":"2024-09-09 08:51:55","uploaded":"0"}
{"id":"13412","action":"INSERT","table_name":"user_log","record_id":"7508","changed_status":"3","timestamp":"2024-09-09 08:54:39","uploaded":"0"}
{"id":"13413","action":"UPDATE","table_name":"users","record_id":"5683","changed_status":"0","timestamp":"2024-09-09 08:55:44","uploaded":"0"}
{"id":"13414","action":"INSERT","table_name":"user_log","record_id":"7509","changed_status":"3","timestamp":"2024-09-09 08:55:44","uploaded":"0"}
{"id":"13415","action":"INSERT","table_name":"user_log","record_id":"7510","changed_status":"3","timestamp":"2024-09-09 09:02:35","uploaded":"0"}
{"id":"13416","action":"INSERT","table_name":"user_log","record_id":"7511","changed_status":"3","timestamp":"2024-09-09 09:02:40","uploaded":"0"}
{"id":"13417","action":"INSERT","table_name":"user_log","record_id":"7512","changed_status":"3","timestamp":"2024-09-09 09:08:00","uploaded":"0"}
{"id":"13418","action":"UPDATE","table_name":"survey","record_id":"2013","changed_status":"3","timestamp":"2024-09-09 09:12:29","uploaded":"0"}
{"id":"13419","action":"UPDATE","table_name":"survey","record_id":"2013","changed_status":"3","timestamp":"2024-09-09 09:14:28","uploaded":"0"}
{"id":"13420","action":"UPDATE","table_name":"survey","record_id":"2013","changed_status":"3","timestamp":"2024-09-09 09:15:06","uploaded":"0"}
{"id":"13421","action":"UPDATE","table_name":"survey","record_id":"2013","changed_status":"3","timestamp":"2024-09-09 09:15:33","uploaded":"0"}
{"id":"13422","action":"INSERT","table_name":"user_log","record_id":"7513","changed_status":"3","timestamp":"2024-09-09 09:15:55","uploaded":"0"}
{"id":"13423","action":"UPDATE","table_name":"users","record_id":"5283","changed_status":"0","timestamp":"2024-09-09 09:17:01","uploaded":"0"}
{"id":"13424","action":"UPDATE","table_name":"clients","record_id":"273","changed_status":"3","timestamp":"2024-09-09 09:17:05","uploaded":"0"}
{"id":"13425","action":"INSERT","table_name":"user_log","record_id":"7514","changed_status":"3","timestamp":"2024-09-09 09:17:05","uploaded":"0"}
{"id":"13426","action":"INSERT","table_name":"user_log","record_id":"7515","changed_status":"3","timestamp":"2024-09-09 09:17:12","uploaded":"0"}
{"id":"13427","action":"INSERT","table_name":"user_log","record_id":"7516","changed_status":"3","timestamp":"2024-09-09 09:18:21","uploaded":"0"}
{"id":"13428","action":"UPDATE","table_name":"survey","record_id":"2013","changed_status":"3","timestamp":"2024-09-09 09:25:33","uploaded":"0"}
{"id":"13429","action":"UPDATE","table_name":"survey","record_id":"2013","changed_status":"3","timestamp":"2024-09-09 09:25:58","uploaded":"0"}
{"id":"13430","action":"INSERT","table_name":"user_log","record_id":"7517","changed_status":"3","timestamp":"2024-09-09 09:26:59","uploaded":"0"}
{"id":"13431","action":"UPDATE","table_name":"survey","record_id":"2013","changed_status":"3","timestamp":"2024-09-09 09:27:50","uploaded":"0"}
{"id":"13432","action":"UPDATE","table_name":"survey","record_id":"2013","changed_status":"3","timestamp":"2024-09-09 09:28:02","uploaded":"0"}
{"id":"13433","action":"UPDATE","table_name":"survey","record_id":"2013","changed_status":"3","timestamp":"2024-09-09 09:28:36","uploaded":"0"}
{"id":"13434","action":"UPDATE","table_name":"survey","record_id":"2013","changed_status":"3","timestamp":"2024-09-09 09:29:52","uploaded":"0"}
{"id":"13435","action":"INSERT","table_name":"user_log","record_id":"7518","changed_status":"3","timestamp":"2024-09-09 09:30:03","uploaded":"0"}
{"id":"13436","action":"UPDATE","table_name":"users","record_id":"5596","changed_status":"0","timestamp":"2024-09-09 09:30:55","uploaded":"0"}
{"id":"13437","action":"INSERT","table_name":"user_log","record_id":"7519","changed_status":"3","timestamp":"2024-09-09 09:30:55","uploaded":"0"}
{"id":"13438","action":"UPDATE","table_name":"survey","record_id":"2013","changed_status":"3","timestamp":"2024-09-09 09:31:37","uploaded":"0"}
{"id":"13439","action":"UPDATE","table_name":"survey","record_id":"2013","changed_status":"3","timestamp":"2024-09-09 09:32:21","uploaded":"0"}
{"id":"13440","action":"INSERT","table_name":"user_log","record_id":"7520","changed_status":"3","timestamp":"2024-09-09 09:35:10","uploaded":"0"}
{"id":"13441","action":"UPDATE","table_name":"survey","record_id":"2013","changed_status":"3","timestamp":"2024-09-09 09:40:26","uploaded":"0"}
{"id":"13442","action":"INSERT","table_name":"survey","record_id":"2067","changed_status":"3","timestamp":"2024-09-09 09:42:10","uploaded":"0"}
{"id":"13443","action":"INSERT","table_name":"user_log","record_id":"7521","changed_status":"3","timestamp":"2024-09-09 09:42:22","uploaded":"0"}
{"id":"13444","action":"UPDATE","table_name":"users","record_id":"109","changed_status":"0","timestamp":"2024-09-09 09:42:22","uploaded":"0"}
{"id":"13445","action":"UPDATE","table_name":"survey","record_id":"2067","changed_status":"3","timestamp":"2024-09-09 09:42:43","uploaded":"0"}
{"id":"13446","action":"UPDATE","table_name":"survey","record_id":"2013","changed_status":"3","timestamp":"2024-09-09 09:43:40","uploaded":"0"}
{"id":"13447","action":"INSERT","table_name":"user_log","record_id":"7522","changed_status":"3","timestamp":"2024-09-09 09:43:40","uploaded":"0"}
{"id":"13448","action":"UPDATE","table_name":"survey","record_id":"2013","changed_status":"3","timestamp":"2024-09-09 09:46:14","uploaded":"0"}
{"id":"13449","action":"UPDATE","table_name":"survey","record_id":"2013","changed_status":"3","timestamp":"2024-09-09 09:47:04","uploaded":"0"}
{"id":"13450","action":"UPDATE","table_name":"survey","record_id":"2013","changed_status":"3","timestamp":"2024-09-09 09:48:26","uploaded":"0"}
{"id":"13451","action":"UPDATE","table_name":"survey","record_id":"2013","changed_status":"3","timestamp":"2024-09-09 09:48:58","uploaded":"0"}
{"id":"13452","action":"INSERT","table_name":"user_log","record_id":"7523","changed_status":"3","timestamp":"2024-09-09 09:52:09","uploaded":"0"}
{"id":"13453","action":"INSERT","table_name":"user_log","record_id":"7524","changed_status":"3","timestamp":"2024-09-09 09:55:45","uploaded":"0"}
{"id":"13454","action":"UPDATE","table_name":"users","record_id":"5545","changed_status":"0","timestamp":"2024-09-09 09:58:45","uploaded":"0"}
{"id":"13455","action":"UPDATE","table_name":"clients","record_id":"285","changed_status":"3","timestamp":"2024-09-09 09:58:49","uploaded":"0"}
{"id":"13456","action":"INSERT","table_name":"user_log","record_id":"7525","changed_status":"3","timestamp":"2024-09-09 09:58:49","uploaded":"0"}
{"id":"13457","action":"INSERT","table_name":"user_log","record_id":"7526","changed_status":"3","timestamp":"2024-09-09 10:16:26","uploaded":"0"}
{"id":"13458","action":"UPDATE","table_name":"users","record_id":"5597","changed_status":"0","timestamp":"2024-09-09 10:30:20","uploaded":"0"}
{"id":"13459","action":"INSERT","table_name":"user_log","record_id":"7527","changed_status":"3","timestamp":"2024-09-09 10:30:20","uploaded":"0"}
{"id":"13460","action":"INSERT","table_name":"user_log","record_id":"7528","changed_status":"3","timestamp":"2024-09-09 10:35:15","uploaded":"0"}
{"id":"13461","action":"UPDATE","table_name":"survey","record_id":"2013","changed_status":"3","timestamp":"2024-09-09 10:35:28","uploaded":"0"}
{"id":"13462","action":"INSERT","table_name":"user_log","record_id":"7529","changed_status":"3","timestamp":"2024-09-09 10:46:17","uploaded":"0"}
{"id":"13463","action":"INSERT","table_name":"user_log","record_id":"7530","changed_status":"3","timestamp":"2024-09-09 10:47:27","uploaded":"0"}
{"id":"13464","action":"UPDATE","table_name":"users","record_id":"5596","changed_status":"0","timestamp":"2024-09-09 10:47:27","uploaded":"0"}
{"id":"13465","action":"UPDATE","table_name":"users","record_id":"5683","changed_status":"0","timestamp":"2024-09-09 10:47:32","uploaded":"0"}
{"id":"13466","action":"UPDATE","table_name":"clients","record_id":"91","changed_status":"3","timestamp":"2024-09-09 10:47:37","uploaded":"0"}
{"id":"13467","action":"INSERT","table_name":"user_log","record_id":"7531","changed_status":"3","timestamp":"2024-09-09 10:47:37","uploaded":"0"}
{"id":"13468","action":"INSERT","table_name":"user_log","record_id":"7532","changed_status":"3","timestamp":"2024-09-09 10:48:35","uploaded":"0"}
{"id":"13469","action":"INSERT","table_name":"user_log","record_id":"7533","changed_status":"3","timestamp":"2024-09-09 11:03:44","uploaded":"0"}
{"id":"13470","action":"UPDATE","table_name":"users","record_id":"5597","changed_status":"0","timestamp":"2024-09-09 11:03:44","uploaded":"0"}
{"id":"13471","action":"INSERT","table_name":"user_log","record_id":"7534","changed_status":"3","timestamp":"2024-09-09 11:05:46","uploaded":"0"}
{"id":"13472","action":"UPDATE","table_name":"users","record_id":"5596","changed_status":"0","timestamp":"2024-09-09 11:05:46","uploaded":"0"}
{"id":"13473","action":"INSERT","table_name":"user_log","record_id":"7535","changed_status":"3","timestamp":"2024-09-09 11:15:25","uploaded":"0"}
{"id":"13474","action":"INSERT","table_name":"user_log","record_id":"7536","changed_status":"3","timestamp":"2024-09-09 11:17:56","uploaded":"0"}
{"id":"13475","action":"INSERT","table_name":"user_log","record_id":"7537","changed_status":"3","timestamp":"2024-09-09 11:21:29","uploaded":"0"}
{"id":"13476","action":"INSERT","table_name":"user_log","record_id":"7538","changed_status":"3","timestamp":"2024-09-09 11:22:19","uploaded":"0"}
{"id":"13477","action":"INSERT","table_name":"user_log","record_id":"7539","changed_status":"3","timestamp":"2024-09-09 11:31:00","uploaded":"0"}
{"id":"13478","action":"UPDATE","table_name":"survey","record_id":"2053","changed_status":"3","timestamp":"2024-09-09 11:37:04","uploaded":"0"}
{"id":"13479","action":"UPDATE","table_name":"survey","record_id":"2053","changed_status":"3","timestamp":"2024-09-09 11:37:09","uploaded":"0"}
{"id":"13480","action":"INSERT","table_name":"user_log","record_id":"7540","changed_status":"3","timestamp":"2024-09-09 11:43:02","uploaded":"0"}
{"id":"13481","action":"INSERT","table_name":"user_log","record_id":"7541","changed_status":"3","timestamp":"2024-09-09 11:50:29","uploaded":"0"}
{"id":"13482","action":"INSERT","table_name":"user_log","record_id":"7542","changed_status":"3","timestamp":"2024-09-09 12:03:06","uploaded":"0"}
{"id":"13483","action":"INSERT","table_name":"user_log","record_id":"7543","changed_status":"3","timestamp":"2024-09-09 12:11:38","uploaded":"0"}
{"id":"13484","action":"UPDATE","table_name":"users","record_id":"5742","changed_status":"0","timestamp":"2024-09-09 12:11:38","uploaded":"0"}
{"id":"13485","action":"UPDATE","table_name":"users","record_id":"658","changed_status":"0","timestamp":"2024-09-09 12:18:09","uploaded":"0"}
{"id":"13486","action":"UPDATE","table_name":"clients","record_id":"170","changed_status":"3","timestamp":"2024-09-09 12:18:14","uploaded":"0"}
{"id":"13487","action":"INSERT","table_name":"user_log","record_id":"7544","changed_status":"3","timestamp":"2024-09-09 12:18:14","uploaded":"0"}
{"id":"13488","action":"INSERT","table_name":"user_log","record_id":"7545","changed_status":"3","timestamp":"2024-09-09 12:18:58","uploaded":"0"}
{"id":"13489","action":"INSERT","table_name":"user_log","record_id":"7546","changed_status":"3","timestamp":"2024-09-09 12:24:32","uploaded":"0"}
{"id":"13490","action":"INSERT","table_name":"user_log","record_id":"7547","changed_status":"3","timestamp":"2024-09-09 12:34:42","uploaded":"0"}
{"id":"13491","action":"UPDATE","table_name":"users","record_id":"5596","changed_status":"0","timestamp":"2024-09-09 12:34:42","uploaded":"0"}
{"id":"13492","action":"INSERT","table_name":"user_log","record_id":"7548","changed_status":"3","timestamp":"2024-09-09 12:37:23","uploaded":"0"}
{"id":"13493","action":"UPDATE","table_name":"users","record_id":"5596","changed_status":"0","timestamp":"2024-09-09 12:37:23","uploaded":"0"}
{"id":"13494","action":"INSERT","table_name":"user_log","record_id":"7549","changed_status":"3","timestamp":"2024-09-09 12:37:48","uploaded":"0"}
{"id":"13495","action":"UPDATE","table_name":"users","record_id":"5596","changed_status":"0","timestamp":"2024-09-09 12:37:48","uploaded":"0"}
{"id":"13496","action":"INSERT","table_name":"user_log","record_id":"7550","changed_status":"3","timestamp":"2024-09-09 12:37:56","uploaded":"0"}
{"id":"13497","action":"INSERT","table_name":"user_log","record_id":"7551","changed_status":"3","timestamp":"2024-09-09 12:43:33","uploaded":"0"}
{"id":"13498","action":"INSERT","table_name":"user_log","record_id":"7552","changed_status":"3","timestamp":"2024-09-09 12:51:33","uploaded":"0"}
{"id":"13499","action":"INSERT","table_name":"user_log","record_id":"7553","changed_status":"3","timestamp":"2024-09-09 15:31:35","uploaded":"0"}
{"id":"13500","action":"UPDATE","table_name":"users","record_id":"5503","changed_status":"0","timestamp":"2024-09-10 03:38:16","uploaded":"0"}
{"id":"13501","action":"UPDATE","table_name":"clients","record_id":"282","changed_status":"3","timestamp":"2024-09-10 03:38:21","uploaded":"0"}
{"id":"13502","action":"INSERT","table_name":"user_log","record_id":"7554","changed_status":"3","timestamp":"2024-09-10 03:38:21","uploaded":"0"}
{"id":"13503","action":"UPDATE","table_name":"users","record_id":"5713","changed_status":"0","timestamp":"2024-09-10 04:18:38","uploaded":"0"}
{"id":"13504","action":"UPDATE","table_name":"clients","record_id":"301","changed_status":"3","timestamp":"2024-09-10 04:18:42","uploaded":"0"}
{"id":"13505","action":"INSERT","table_name":"user_log","record_id":"7555","changed_status":"3","timestamp":"2024-09-10 04:18:42","uploaded":"0"}
{"id":"13506","action":"INSERT","table_name":"user_log","record_id":"7556","changed_status":"3","timestamp":"2024-09-10 04:19:17","uploaded":"0"}
{"id":"13507","action":"UPDATE","table_name":"users","record_id":"463","changed_status":"0","timestamp":"2024-09-10 04:34:48","uploaded":"0"}
{"id":"13508","action":"UPDATE","table_name":"clients","record_id":"202","changed_status":"3","timestamp":"2024-09-10 04:34:53","uploaded":"0"}
{"id":"13509","action":"INSERT","table_name":"user_log","record_id":"7557","changed_status":"3","timestamp":"2024-09-10 04:34:53","uploaded":"0"}
{"id":"13510","action":"UPDATE","table_name":"survey","record_id":"2013","changed_status":"3","timestamp":"2024-09-10 04:44:05","uploaded":"0"}
{"id":"13511","action":"INSERT","table_name":"user_log","record_id":"7558","changed_status":"3","timestamp":"2024-09-10 04:46:46","uploaded":"0"}
{"id":"13512","action":"UPDATE","table_name":"survey","record_id":"2013","changed_status":"3","timestamp":"2024-09-10 04:47:14","uploaded":"0"}
{"id":"13513","action":"UPDATE","table_name":"users","record_id":"152","changed_status":"0","timestamp":"2024-09-10 04:48:47","uploaded":"0"}
{"id":"13514","action":"UPDATE","table_name":"clients","record_id":"91","changed_status":"3","timestamp":"2024-09-10 04:48:51","uploaded":"0"}
{"id":"13515","action":"INSERT","table_name":"user_log","record_id":"7559","changed_status":"3","timestamp":"2024-09-10 04:48:51","uploaded":"0"}
{"id":"13516","action":"UPDATE","table_name":"users","record_id":"5195","changed_status":"0","timestamp":"2024-09-10 04:50:15","uploaded":"0"}
{"id":"13517","action":"UPDATE","table_name":"clients","record_id":"272","changed_status":"3","timestamp":"2024-09-10 04:50:19","uploaded":"0"}
{"id":"13518","action":"INSERT","table_name":"user_log","record_id":"7560","changed_status":"3","timestamp":"2024-09-10 04:50:19","uploaded":"0"}
{"id":"13519","action":"INSERT","table_name":"user_log","record_id":"7561","changed_status":"3","timestamp":"2024-09-10 05:05:15","uploaded":"0"}
{"id":"13520","action":"INSERT","table_name":"user_log","record_id":"7562","changed_status":"3","timestamp":"2024-09-10 05:14:01","uploaded":"0"}
{"id":"13521","action":"UPDATE","table_name":"users","record_id":"3","changed_status":"0","timestamp":"2024-09-10 05:46:10","uploaded":"0"}
{"id":"13522","action":"INSERT","table_name":"user_log","record_id":"7563","changed_status":"3","timestamp":"2024-09-10 05:46:13","uploaded":"0"}
{"id":"13523","action":"UPDATE","table_name":"survey","record_id":"2013","changed_status":"3","timestamp":"2024-09-10 06:05:41","uploaded":"0"}
{"id":"13524","action":"UPDATE","table_name":"survey","record_id":"2013","changed_status":"3","timestamp":"2024-09-10 06:06:04","uploaded":"0"}
{"id":"13525","action":"INSERT","table_name":"user_log","record_id":"7564","changed_status":"3","timestamp":"2024-09-10 06:34:22","uploaded":"0"}
{"id":"13526","action":"UPDATE","table_name":"users","record_id":"5283","changed_status":"0","timestamp":"2024-09-10 07:01:52","uploaded":"0"}
{"id":"13527","action":"UPDATE","table_name":"clients","record_id":"273","changed_status":"3","timestamp":"2024-09-10 07:01:56","uploaded":"0"}
{"id":"13528","action":"INSERT","table_name":"user_log","record_id":"7565","changed_status":"3","timestamp":"2024-09-10 07:01:56","uploaded":"0"}
{"id":"13529","action":"INSERT","table_name":"user_log","record_id":"7566","changed_status":"3","timestamp":"2024-09-10 07:07:40","uploaded":"0"}
{"id":"13530","action":"INSERT","table_name":"user_log","record_id":"7567","changed_status":"3","timestamp":"2024-09-10 07:40:24","uploaded":"0"}
{"id":"13531","action":"INSERT","table_name":"user_log","record_id":"7568","changed_status":"3","timestamp":"2024-09-10 08:33:26","uploaded":"0"}
{"id":"13532","action":"INSERT","table_name":"user_log","record_id":"7569","changed_status":"3","timestamp":"2024-09-10 08:40:25","uploaded":"0"}
{"id":"13533","action":"UPDATE","table_name":"survey","record_id":"1998","changed_status":"3","timestamp":"2024-09-10 08:42:08","uploaded":"0"}
{"id":"13534","action":"INSERT","table_name":"user_log","record_id":"7570","changed_status":"3","timestamp":"2024-09-10 09:07:17","uploaded":"0"}
{"id":"13535","action":"INSERT","table_name":"user_log","record_id":"7571","changed_status":"3","timestamp":"2024-09-10 09:22:22","uploaded":"0"}
{"id":"13536","action":"INSERT","table_name":"user_log","record_id":"7572","changed_status":"3","timestamp":"2024-09-10 09:50:58","uploaded":"0"}
{"id":"13537","action":"INSERT","table_name":"survey","record_id":"2068","changed_status":"3","timestamp":"2024-09-10 09:58:49","uploaded":"0"}
{"id":"13538","action":"UPDATE","table_name":"survey","record_id":"2068","changed_status":"3","timestamp":"2024-09-10 10:00:20","uploaded":"0"}
{"id":"13539","action":"INSERT","table_name":"user_log","record_id":"7573","changed_status":"3","timestamp":"2024-09-10 10:01:44","uploaded":"0"}
{"id":"13540","action":"UPDATE","table_name":"users","record_id":"109","changed_status":"0","timestamp":"2024-09-10 10:01:44","uploaded":"0"}
{"id":"13541","action":"INSERT","table_name":"user_log","record_id":"7574","changed_status":"3","timestamp":"2024-09-10 10:17:11","uploaded":"0"}
{"id":"13542","action":"INSERT","table_name":"user_log","record_id":"7575","changed_status":"3","timestamp":"2024-09-10 10:22:29","uploaded":"0"}
{"id":"13543","action":"INSERT","table_name":"user_log","record_id":"7576","changed_status":"3","timestamp":"2024-09-10 10:51:38","uploaded":"0"}
{"id":"13544","action":"INSERT","table_name":"user_log","record_id":"7577","changed_status":"3","timestamp":"2024-09-10 11:05:06","uploaded":"0"}
{"id":"13545","action":"INSERT","table_name":"user_log","record_id":"7578","changed_status":"3","timestamp":"2024-09-10 11:33:21","uploaded":"0"}
{"id":"13546","action":"INSERT","table_name":"user_log","record_id":"7579","changed_status":"3","timestamp":"2024-09-10 11:39:09","uploaded":"0"}
{"id":"13547","action":"INSERT","table_name":"survey","record_id":"2069","changed_status":"3","timestamp":"2024-09-10 11:48:03","uploaded":"0"}
{"id":"13548","action":"UPDATE","table_name":"survey","record_id":"2069","changed_status":"3","timestamp":"2024-09-10 11:48:55","uploaded":"0"}
{"id":"13549","action":"INSERT","table_name":"user_log","record_id":"7580","changed_status":"3","timestamp":"2024-09-10 11:49:50","uploaded":"0"}
{"id":"13550","action":"UPDATE","table_name":"users","record_id":"109","changed_status":"0","timestamp":"2024-09-10 11:49:50","uploaded":"0"}
{"id":"13551","action":"UPDATE","table_name":"survey","record_id":"2013","changed_status":"3","timestamp":"2024-09-10 11:56:27","uploaded":"0"}
{"id":"13552","action":"UPDATE","table_name":"survey","record_id":"2013","changed_status":"3","timestamp":"2024-09-10 11:56:37","uploaded":"0"}
{"id":"13553","action":"UPDATE","table_name":"survey","record_id":"2013","changed_status":"3","timestamp":"2024-09-10 11:58:48","uploaded":"0"}
{"id":"13554","action":"INSERT","table_name":"user_log","record_id":"7581","changed_status":"3","timestamp":"2024-09-10 12:01:03","uploaded":"0"}
{"id":"13555","action":"INSERT","table_name":"user_log","record_id":"7582","changed_status":"3","timestamp":"2024-09-10 12:03:50","uploaded":"0"}
{"id":"13556","action":"INSERT","table_name":"user_log","record_id":"7583","changed_status":"3","timestamp":"2024-09-10 12:03:56","uploaded":"0"}
{"id":"13557","action":"INSERT","table_name":"survey","record_id":"2070","changed_status":"3","timestamp":"2024-09-10 12:05:24","uploaded":"0"}
{"id":"13558","action":"UPDATE","table_name":"survey","record_id":"2070","changed_status":"3","timestamp":"2024-09-10 12:06:27","uploaded":"0"}
{"id":"13559","action":"UPDATE","table_name":"survey","record_id":"2013","changed_status":"3","timestamp":"2024-09-10 12:08:51","uploaded":"0"}
{"id":"13560","action":"UPDATE","table_name":"survey","record_id":"2013","changed_status":"3","timestamp":"2024-09-10 12:09:40","uploaded":"0"}
{"id":"13561","action":"UPDATE","table_name":"survey","record_id":"2013","changed_status":"3","timestamp":"2024-09-10 12:10:18","uploaded":"0"}
{"id":"13562","action":"INSERT","table_name":"user_log","record_id":"7584","changed_status":"3","timestamp":"2024-09-10 12:30:16","uploaded":"0"}
{"id":"13563","action":"INSERT","table_name":"user_log","record_id":"7585","changed_status":"3","timestamp":"2024-09-10 12:31:47","uploaded":"0"}
{"id":"13564","action":"INSERT","table_name":"user_log","record_id":"7586","changed_status":"3","timestamp":"2024-09-10 12:49:32","uploaded":"0"}
{"id":"13565","action":"INSERT","table_name":"survey","record_id":"2071","changed_status":"3","timestamp":"2024-09-10 12:51:29","uploaded":"0"}
{"id":"13566","action":"UPDATE","table_name":"survey","record_id":"2071","changed_status":"3","timestamp":"2024-09-10 12:52:43","uploaded":"0"}
{"id":"13567","action":"INSERT","table_name":"user_log","record_id":"7587","changed_status":"3","timestamp":"2024-09-10 13:03:24","uploaded":"0"}
{"id":"13568","action":"INSERT","table_name":"user_log","record_id":"7588","changed_status":"3","timestamp":"2024-09-10 13:15:40","uploaded":"0"}
{"id":"13569","action":"INSERT","table_name":"user_log","record_id":"7589","changed_status":"3","timestamp":"2024-09-10 14:49:27","uploaded":"0"}
{"id":"13570","action":"INSERT","table_name":"user_log","record_id":"7590","changed_status":"3","timestamp":"2024-09-10 14:50:28","uploaded":"0"}
{"id":"13571","action":"INSERT","table_name":"survey","record_id":"2072","changed_status":"3","timestamp":"2024-09-10 15:00:02","uploaded":"0"}
{"id":"13572","action":"INSERT","table_name":"survey","record_id":"2073","changed_status":"3","timestamp":"2024-09-10 15:02:34","uploaded":"0"}
{"id":"13573","action":"INSERT","table_name":"survey","record_id":"2074","changed_status":"3","timestamp":"2024-09-10 15:04:42","uploaded":"0"}
{"id":"13574","action":"UPDATE","table_name":"survey","record_id":"2074","changed_status":"3","timestamp":"2024-09-10 15:06:58","uploaded":"0"}
{"id":"13575","action":"UPDATE","table_name":"survey","record_id":"2073","changed_status":"3","timestamp":"2024-09-10 15:07:09","uploaded":"0"}
{"id":"13576","action":"UPDATE","table_name":"survey","record_id":"2072","changed_status":"3","timestamp":"2024-09-10 15:07:22","uploaded":"0"}
{"id":"13577","action":"INSERT","table_name":"user_log","record_id":"7591","changed_status":"3","timestamp":"2024-09-10 15:31:25","uploaded":"0"}
{"id":"13578","action":"INSERT","table_name":"user_log","record_id":"7592","changed_status":"3","timestamp":"2024-09-10 16:03:50","uploaded":"0"}
{"id":"13579","action":"INSERT","table_name":"user_log","record_id":"7593","changed_status":"3","timestamp":"2024-09-10 16:08:50","uploaded":"0"}
{"id":"13580","action":"INSERT","table_name":"user_log","record_id":"7594","changed_status":"3","timestamp":"2024-09-10 16:22:53","uploaded":"0"}
{"id":"13581","action":"INSERT","table_name":"user_log","record_id":"7595","changed_status":"3","timestamp":"2024-09-10 16:53:08","uploaded":"0"}
{"id":"13582","action":"INSERT","table_name":"user_log","record_id":"7596","changed_status":"3","timestamp":"2024-09-10 18:32:43","uploaded":"0"}
{"id":"13583","action":"INSERT","table_name":"user_log","record_id":"7597","changed_status":"3","timestamp":"2024-09-10 19:32:13","uploaded":"0"}
{"id":"13584","action":"UPDATE","table_name":"users","record_id":"5608","changed_status":"1","timestamp":"2024-09-10 19:32:36","uploaded":"0"}
{"id":"13585","action":"UPDATE","table_name":"users","record_id":"5609","changed_status":"1","timestamp":"2024-09-10 19:32:40","uploaded":"0"}
{"id":"13586","action":"UPDATE","table_name":"users","record_id":"5610","changed_status":"1","timestamp":"2024-09-10 19:32:44","uploaded":"0"}
{"id":"13587","action":"UPDATE","table_name":"users","record_id":"5611","changed_status":"1","timestamp":"2024-09-10 19:32:53","uploaded":"0"}
{"id":"13588","action":"UPDATE","table_name":"users","record_id":"5612","changed_status":"1","timestamp":"2024-09-10 19:32:58","uploaded":"0"}
{"id":"13589","action":"UPDATE","table_name":"users","record_id":"5613","changed_status":"1","timestamp":"2024-09-10 19:33:05","uploaded":"0"}
{"id":"13590","action":"UPDATE","table_name":"users","record_id":"5503","changed_status":"0","timestamp":"2024-09-11 04:12:25","uploaded":"0"}
{"id":"13591","action":"UPDATE","table_name":"clients","record_id":"282","changed_status":"3","timestamp":"2024-09-11 04:12:30","uploaded":"0"}
{"id":"13592","action":"INSERT","table_name":"user_log","record_id":"7598","changed_status":"3","timestamp":"2024-09-11 04:12:30","uploaded":"0"}
{"id":"13593","action":"UPDATE","table_name":"users","record_id":"152","changed_status":"0","timestamp":"2024-09-11 04:33:04","uploaded":"0"}
{"id":"13594","action":"UPDATE","table_name":"clients","record_id":"91","changed_status":"3","timestamp":"2024-09-11 04:33:08","uploaded":"0"}
{"id":"13595","action":"INSERT","table_name":"user_log","record_id":"7599","changed_status":"3","timestamp":"2024-09-11 04:33:08","uploaded":"0"}
{"id":"13596","action":"UPDATE","table_name":"users","record_id":"463","changed_status":"0","timestamp":"2024-09-11 04:36:23","uploaded":"0"}
{"id":"13597","action":"UPDATE","table_name":"clients","record_id":"202","changed_status":"3","timestamp":"2024-09-11 04:36:28","uploaded":"0"}
{"id":"13598","action":"INSERT","table_name":"user_log","record_id":"7600","changed_status":"3","timestamp":"2024-09-11 04:36:28","uploaded":"0"}
{"id":"13599","action":"INSERT","table_name":"user_log","record_id":"7601","changed_status":"3","timestamp":"2024-09-11 04:38:05","uploaded":"0"}
{"id":"13600","action":"UPDATE","table_name":"users","record_id":"5713","changed_status":"0","timestamp":"2024-09-11 05:09:50","uploaded":"0"}
{"id":"13601","action":"UPDATE","table_name":"clients","record_id":"301","changed_status":"3","timestamp":"2024-09-11 05:09:54","uploaded":"0"}
{"id":"13602","action":"INSERT","table_name":"user_log","record_id":"7602","changed_status":"3","timestamp":"2024-09-11 05:09:54","uploaded":"0"}
{"id":"13603","action":"INSERT","table_name":"user_log","record_id":"7603","changed_status":"3","timestamp":"2024-09-11 05:47:54","uploaded":"0"}
{"id":"13604","action":"INSERT","table_name":"user_log","record_id":"7604","changed_status":"3","timestamp":"2024-09-11 06:06:39","uploaded":"0"}
{"id":"13605","action":"UPDATE","table_name":"survey","record_id":"2013","changed_status":"3","timestamp":"2024-09-11 06:23:52","uploaded":"0"}
{"id":"13606","action":"UPDATE","table_name":"survey","record_id":"2013","changed_status":"3","timestamp":"2024-09-11 06:24:30","uploaded":"0"}
{"id":"13607","action":"INSERT","table_name":"user_log","record_id":"7605","changed_status":"3","timestamp":"2024-09-11 06:26:10","uploaded":"0"}
{"id":"13608","action":"UPDATE","table_name":"survey","record_id":"2013","changed_status":"3","timestamp":"2024-09-11 06:31:16","uploaded":"0"}
{"id":"13609","action":"INSERT","table_name":"user_log","record_id":"7606","changed_status":"3","timestamp":"2024-09-11 06:41:46","uploaded":"0"}
{"id":"13610","action":"UPDATE","table_name":"users","record_id":"5195","changed_status":"0","timestamp":"2024-09-11 06:41:55","uploaded":"0"}
{"id":"13611","action":"UPDATE","table_name":"clients","record_id":"272","changed_status":"3","timestamp":"2024-09-11 06:42:00","uploaded":"0"}
{"id":"13612","action":"INSERT","table_name":"user_log","record_id":"7607","changed_status":"3","timestamp":"2024-09-11 06:42:00","uploaded":"0"}
{"id":"13613","action":"UPDATE","table_name":"users","record_id":"5658","changed_status":"0","timestamp":"2024-09-11 06:47:20","uploaded":"0"}
{"id":"13614","action":"UPDATE","table_name":"users","record_id":"5658","changed_status":"0","timestamp":"2024-09-11 06:50:04","uploaded":"0"}
{"id":"13615","action":"INSERT","table_name":"user_log","record_id":"7608","changed_status":"3","timestamp":"2024-09-11 06:50:04","uploaded":"0"}
{"id":"13616","action":"INSERT","table_name":"user_log","record_id":"7609","changed_status":"3","timestamp":"2024-09-11 07:05:01","uploaded":"0"}
{"id":"13617","action":"INSERT","table_name":"user_log","record_id":"7610","changed_status":"3","timestamp":"2024-09-11 07:11:47","uploaded":"0"}
{"id":"13618","action":"UPDATE","table_name":"survey","record_id":"2013","changed_status":"3","timestamp":"2024-09-11 08:41:43","uploaded":"0"}
{"id":"13619","action":"INSERT","table_name":"user_log","record_id":"7611","changed_status":"3","timestamp":"2024-09-11 08:48:04","uploaded":"0"}
{"id":"13620","action":"UPDATE","table_name":"survey","record_id":"2013","changed_status":"3","timestamp":"2024-09-11 08:56:00","uploaded":"0"}
{"id":"13621","action":"UPDATE","table_name":"users","record_id":"5671","changed_status":"0","timestamp":"2024-09-11 09:02:40","uploaded":"0"}
{"id":"13622","action":"UPDATE","table_name":"clients","record_id":"299","changed_status":"3","timestamp":"2024-09-11 09:02:43","uploaded":"0"}
{"id":"13623","action":"INSERT","table_name":"user_log","record_id":"7612","changed_status":"3","timestamp":"2024-09-11 09:02:43","uploaded":"0"}
{"id":"13624","action":"INSERT","table_name":"user_log","record_id":"7613","changed_status":"3","timestamp":"2024-09-11 09:18:01","uploaded":"0"}
{"id":"13625","action":"INSERT","table_name":"user_log","record_id":"7614","changed_status":"3","timestamp":"2024-09-11 09:29:30","uploaded":"0"}
{"id":"13626","action":"INSERT","table_name":"user_log","record_id":"7615","changed_status":"3","timestamp":"2024-09-11 09:40:08","uploaded":"0"}
{"id":"13627","action":"INSERT","table_name":"user_log","record_id":"7616","changed_status":"3","timestamp":"2024-09-11 09:44:05","uploaded":"0"}
{"id":"13628","action":"INSERT","table_name":"user_log","record_id":"7617","changed_status":"3","timestamp":"2024-09-11 09:44:35","uploaded":"0"}
{"id":"13629","action":"INSERT","table_name":"survey","record_id":"2075","changed_status":"3","timestamp":"2024-09-11 09:51:07","uploaded":"0"}
{"id":"13630","action":"UPDATE","table_name":"survey","record_id":"2075","changed_status":"3","timestamp":"2024-09-11 09:52:08","uploaded":"0"}
{"id":"13631","action":"DELETE","table_name":"survey","record_id":"2075","changed_status":"3","timestamp":"2024-09-11 09:53:06","uploaded":"0"}
{"id":"13632","action":"INSERT","table_name":"survey","record_id":"2076","changed_status":"3","timestamp":"2024-09-11 09:56:56","uploaded":"0"}
{"id":"13633","action":"INSERT","table_name":"users","record_id":"5771","changed_status":"3","timestamp":"2024-09-11 09:57:28","uploaded":"0"}
{"id":"13634","action":"UPDATE","table_name":"users","record_id":"5771","changed_status":"0","timestamp":"2024-09-11 09:57:50","uploaded":"0"}
{"id":"13635","action":"UPDATE","table_name":"survey","record_id":"2076","changed_status":"3","timestamp":"2024-09-11 09:58:25","uploaded":"0"}
{"id":"13636","action":"UPDATE","table_name":"users","record_id":"5771","changed_status":"0","timestamp":"2024-09-11 10:00:26","uploaded":"0"}
{"id":"13637","action":"INSERT","table_name":"user_log","record_id":"7618","changed_status":"3","timestamp":"2024-09-11 10:00:26","uploaded":"0"}
{"id":"13638","action":"DELETE","table_name":"survey","record_id":"2076","changed_status":"3","timestamp":"2024-09-11 10:06:07","uploaded":"0"}
{"id":"13639","action":"INSERT","table_name":"user_log","record_id":"7619","changed_status":"3","timestamp":"2024-09-11 10:06:18","uploaded":"0"}
{"id":"13640","action":"INSERT","table_name":"survey","record_id":"2077","changed_status":"3","timestamp":"2024-09-11 10:07:02","uploaded":"0"}
{"id":"13641","action":"UPDATE","table_name":"users","record_id":"5771","changed_status":"0","timestamp":"2024-09-11 10:07:34","uploaded":"0"}
{"id":"13642","action":"UPDATE","table_name":"users","record_id":"5771","changed_status":"0","timestamp":"2024-09-11 10:07:53","uploaded":"0"}
{"id":"13643","action":"UPDATE","table_name":"survey","record_id":"2077","changed_status":"3","timestamp":"2024-09-11 10:08:05","uploaded":"0"}
{"id":"13644","action":"INSERT","table_name":"user_log","record_id":"7620","changed_status":"3","timestamp":"2024-09-11 10:08:30","uploaded":"0"}
{"id":"13645","action":"UPDATE","table_name":"users","record_id":"5671","changed_status":"0","timestamp":"2024-09-11 10:17:37","uploaded":"0"}
{"id":"13646","action":"UPDATE","table_name":"users","record_id":"5671","changed_status":"0","timestamp":"2024-09-11 10:23:46","uploaded":"0"}
{"id":"13647","action":"UPDATE","table_name":"users","record_id":"5671","changed_status":"0","timestamp":"2024-09-11 10:25:16","uploaded":"0"}
{"id":"13648","action":"UPDATE","table_name":"users","record_id":"5671","changed_status":"0","timestamp":"2024-09-11 10:28:08","uploaded":"0"}
{"id":"13649","action":"UPDATE","table_name":"users","record_id":"5671","changed_status":"0","timestamp":"2024-09-11 10:29:44","uploaded":"0"}
{"id":"13650","action":"INSERT","table_name":"user_log","record_id":"7621","changed_status":"3","timestamp":"2024-09-11 10:31:53","uploaded":"0"}
{"id":"13651","action":"UPDATE","table_name":"users","record_id":"5671","changed_status":"0","timestamp":"2024-09-11 10:43:12","uploaded":"0"}
{"id":"13652","action":"UPDATE","table_name":"users","record_id":"5671","changed_status":"0","timestamp":"2024-09-11 11:09:42","uploaded":"0"}
{"id":"13653","action":"UPDATE","table_name":"users","record_id":"5671","changed_status":"0","timestamp":"2024-09-11 11:14:27","uploaded":"0"}
{"id":"13654","action":"UPDATE","table_name":"users","record_id":"5671","changed_status":"0","timestamp":"2024-09-11 11:16:48","uploaded":"0"}
{"id":"13655","action":"UPDATE","table_name":"users","record_id":"5671","changed_status":"0","timestamp":"2024-09-11 11:19:18","uploaded":"0"}
{"id":"13656","action":"UPDATE","table_name":"users","record_id":"5671","changed_status":"0","timestamp":"2024-09-11 11:20:14","uploaded":"0"}
{"id":"13657","action":"UPDATE","table_name":"users","record_id":"5671","changed_status":"0","timestamp":"2024-09-11 11:21:49","uploaded":"0"}
{"id":"13658","action":"UPDATE","table_name":"users","record_id":"5671","changed_status":"0","timestamp":"2024-09-11 11:28:26","uploaded":"0"}
{"id":"13659","action":"UPDATE","table_name":"users","record_id":"5671","changed_status":"0","timestamp":"2024-09-11 11:31:16","uploaded":"0"}
{"id":"13660","action":"UPDATE","table_name":"users","record_id":"5671","changed_status":"0","timestamp":"2024-09-11 11:41:56","uploaded":"0"}
{"id":"13661","action":"INSERT","table_name":"user_log","record_id":"7622","changed_status":"3","timestamp":"2024-09-11 11:43:38","uploaded":"0"}
{"id":"13662","action":"UPDATE","table_name":"users","record_id":"324","changed_status":"0","timestamp":"2024-09-11 11:55:10","uploaded":"0"}
{"id":"13663","action":"INSERT","table_name":"user_log","record_id":"7623","changed_status":"3","timestamp":"2024-09-11 12:06:31","uploaded":"0"}
{"id":"13664","action":"UPDATE","table_name":"users","record_id":"324","changed_status":"0","timestamp":"2024-09-11 12:25:50","uploaded":"0"}
{"id":"13665","action":"UPDATE","table_name":"users","record_id":"324","changed_status":"0","timestamp":"2024-09-11 12:25:55","uploaded":"0"}
{"id":"13666","action":"INSERT","table_name":"user_log","record_id":"7624","changed_status":"3","timestamp":"2024-09-11 12:30:03","uploaded":"0"}
{"id":"13667","action":"INSERT","table_name":"user_log","record_id":"7625","changed_status":"3","timestamp":"2024-09-11 12:33:57","uploaded":"0"}
{"id":"13668","action":"INSERT","table_name":"user_log","record_id":"7626","changed_status":"3","timestamp":"2024-09-11 12:54:18","uploaded":"0"}
{"id":"13669","action":"INSERT","table_name":"clients","record_id":"302","changed_status":"3","timestamp":"2024-09-11 13:05:18","uploaded":"0"}
{"id":"13670","action":"INSERT","table_name":"users","record_id":"5772","changed_status":"3","timestamp":"2024-09-11 13:05:18","uploaded":"0"}
{"id":"13671","action":"UPDATE","table_name":"users","record_id":"5772","changed_status":"0","timestamp":"2024-09-11 13:12:05","uploaded":"0"}
{"id":"13672","action":"UPDATE","table_name":"clients","record_id":"302","changed_status":"3","timestamp":"2024-09-11 13:12:09","uploaded":"0"}
{"id":"13673","action":"INSERT","table_name":"user_log","record_id":"7627","changed_status":"3","timestamp":"2024-09-11 13:12:09","uploaded":"0"}
{"id":"13674","action":"INSERT","table_name":"user_log","record_id":"7628","changed_status":"3","timestamp":"2024-09-11 13:13:40","uploaded":"0"}
{"id":"13675","action":"UPDATE","table_name":"users","record_id":"324","changed_status":"0","timestamp":"2024-09-11 13:25:13","uploaded":"0"}
{"id":"13676","action":"UPDATE","table_name":"users","record_id":"324","changed_status":"0","timestamp":"2024-09-11 13:26:25","uploaded":"0"}
{"id":"13677","action":"UPDATE","table_name":"clients","record_id":"170","changed_status":"3","timestamp":"2024-09-11 13:26:30","uploaded":"0"}
{"id":"13678","action":"INSERT","table_name":"user_log","record_id":"7629","changed_status":"3","timestamp":"2024-09-11 13:26:30","uploaded":"0"}
{"id":"13679","action":"UPDATE","table_name":"users","record_id":"324","changed_status":"0","timestamp":"2024-09-11 13:28:47","uploaded":"0"}
{"id":"13680","action":"INSERT","table_name":"user_log","record_id":"7630","changed_status":"3","timestamp":"2024-09-11 13:37:35","uploaded":"0"}
{"id":"13681","action":"INSERT","table_name":"user_log","record_id":"7631","changed_status":"3","timestamp":"2024-09-11 13:38:13","uploaded":"0"}
{"id":"13682","action":"INSERT","table_name":"user_log","record_id":"7632","changed_status":"3","timestamp":"2024-09-11 13:39:11","uploaded":"0"}
{"id":"13683","action":"INSERT","table_name":"user_log","record_id":"7633","changed_status":"3","timestamp":"2024-09-11 16:35:09","uploaded":"0"}
{"id":"13684","action":"INSERT","table_name":"user_log","record_id":"7634","changed_status":"3","timestamp":"2024-09-11 17:46:51","uploaded":"0"}
{"id":"13685","action":"UPDATE","table_name":"users","record_id":"324","changed_status":"0","timestamp":"2024-09-12 03:09:08","uploaded":"0"}
{"id":"13686","action":"UPDATE","table_name":"clients","record_id":"170","changed_status":"3","timestamp":"2024-09-12 03:09:13","uploaded":"0"}
{"id":"13687","action":"INSERT","table_name":"user_log","record_id":"7635","changed_status":"3","timestamp":"2024-09-12 03:09:13","uploaded":"0"}
{"id":"13688","action":"UPDATE","table_name":"users","record_id":"5545","changed_status":"0","timestamp":"2024-09-12 03:12:29","uploaded":"0"}
{"id":"13689","action":"UPDATE","table_name":"clients","record_id":"285","changed_status":"3","timestamp":"2024-09-12 03:12:33","uploaded":"0"}
{"id":"13690","action":"INSERT","table_name":"user_log","record_id":"7636","changed_status":"3","timestamp":"2024-09-12 03:12:33","uploaded":"0"}
{"id":"13691","action":"UPDATE","table_name":"users","record_id":"5713","changed_status":"0","timestamp":"2024-09-12 04:46:51","uploaded":"0"}
{"id":"13692","action":"UPDATE","table_name":"clients","record_id":"301","changed_status":"3","timestamp":"2024-09-12 04:46:55","uploaded":"0"}
{"id":"13693","action":"INSERT","table_name":"user_log","record_id":"7637","changed_status":"3","timestamp":"2024-09-12 04:46:55","uploaded":"0"}
{"id":"13694","action":"UPDATE","table_name":"users","record_id":"5195","changed_status":"0","timestamp":"2024-09-12 04:55:59","uploaded":"0"}
{"id":"13695","action":"UPDATE","table_name":"clients","record_id":"272","changed_status":"3","timestamp":"2024-09-12 04:56:04","uploaded":"0"}
{"id":"13696","action":"INSERT","table_name":"user_log","record_id":"7638","changed_status":"3","timestamp":"2024-09-12 04:56:04","uploaded":"0"}
{"id":"13697","action":"UPDATE","table_name":"users","record_id":"152","changed_status":"0","timestamp":"2024-09-12 05:11:01","uploaded":"0"}
{"id":"13698","action":"UPDATE","table_name":"clients","record_id":"91","changed_status":"3","timestamp":"2024-09-12 05:11:06","uploaded":"0"}
{"id":"13699","action":"INSERT","table_name":"user_log","record_id":"7639","changed_status":"3","timestamp":"2024-09-12 05:11:06","uploaded":"0"}
{"id":"13700","action":"INSERT","table_name":"user_log","record_id":"7640","changed_status":"3","timestamp":"2024-09-12 05:34:16","uploaded":"0"}
{"id":"13701","action":"INSERT","table_name":"user_log","record_id":"7641","changed_status":"3","timestamp":"2024-09-12 05:44:32","uploaded":"0"}
{"id":"13702","action":"INSERT","table_name":"user_log","record_id":"7642","changed_status":"3","timestamp":"2024-09-12 06:22:09","uploaded":"0"}
{"id":"13703","action":"INSERT","table_name":"user_log","record_id":"7643","changed_status":"3","timestamp":"2024-09-12 06:42:27","uploaded":"0"}
{"id":"13704","action":"UPDATE","table_name":"survey","record_id":"2013","changed_status":"3","timestamp":"2024-09-12 07:14:27","uploaded":"0"}
{"id":"13705","action":"UPDATE","table_name":"survey","record_id":"2013","changed_status":"3","timestamp":"2024-09-12 07:15:06","uploaded":"0"}
{"id":"13706","action":"UPDATE","table_name":"survey","record_id":"2013","changed_status":"3","timestamp":"2024-09-12 07:15:08","uploaded":"0"}
{"id":"13707","action":"UPDATE","table_name":"survey","record_id":"2013","changed_status":"3","timestamp":"2024-09-12 07:15:51","uploaded":"0"}
{"id":"13708","action":"UPDATE","table_name":"users","record_id":"152","changed_status":"0","timestamp":"2024-09-12 07:56:16","uploaded":"0"}
{"id":"13709","action":"UPDATE","table_name":"users","record_id":"152","changed_status":"0","timestamp":"2024-09-12 07:56:58","uploaded":"0"}
{"id":"13710","action":"INSERT","table_name":"user_log","record_id":"7644","changed_status":"3","timestamp":"2024-09-12 07:57:12","uploaded":"0"}
{"id":"13711","action":"INSERT","table_name":"user_log","record_id":"7645","changed_status":"3","timestamp":"2024-09-12 09:05:55","uploaded":"0"}
{"id":"13712","action":"UPDATE","table_name":"users","record_id":"152","changed_status":"0","timestamp":"2024-09-12 09:19:28","uploaded":"0"}
{"id":"13713","action":"INSERT","table_name":"user_log","record_id":"7646","changed_status":"3","timestamp":"2024-09-12 09:19:58","uploaded":"0"}
{"id":"13714","action":"UPDATE","table_name":"users","record_id":"152","changed_status":"0","timestamp":"2024-09-12 09:23:33","uploaded":"0"}
{"id":"13715","action":"INSERT","table_name":"user_log","record_id":"7647","changed_status":"3","timestamp":"2024-09-12 09:24:18","uploaded":"0"}
{"id":"13716","action":"INSERT","table_name":"user_log","record_id":"7648","changed_status":"3","timestamp":"2024-09-12 09:49:09","uploaded":"0"}
{"id":"13717","action":"UPDATE","table_name":"users","record_id":"152","changed_status":"0","timestamp":"2024-09-12 09:50:55","uploaded":"0"}
{"id":"13718","action":"UPDATE","table_name":"users","record_id":"152","changed_status":"0","timestamp":"2024-09-12 09:54:44","uploaded":"0"}
{"id":"13719","action":"UPDATE","table_name":"users","record_id":"152","changed_status":"0","timestamp":"2024-09-12 09:56:28","uploaded":"0"}
{"id":"13720","action":"INSERT","table_name":"user_log","record_id":"7649","changed_status":"3","timestamp":"2024-09-12 10:16:06","uploaded":"0"}
{"id":"13721","action":"UPDATE","table_name":"users","record_id":"152","changed_status":"0","timestamp":"2024-09-12 10:35:24","uploaded":"0"}
{"id":"13722","action":"INSERT","table_name":"user_log","record_id":"7650","changed_status":"3","timestamp":"2024-09-12 10:36:29","uploaded":"0"}
{"id":"13723","action":"UPDATE","table_name":"survey","record_id":"2013","changed_status":"3","timestamp":"2024-09-12 10:37:53","uploaded":"0"}
{"id":"13724","action":"INSERT","table_name":"user_log","record_id":"7651","changed_status":"3","timestamp":"2024-09-12 10:40:10","uploaded":"0"}
{"id":"13725","action":"INSERT","table_name":"user_log","record_id":"7652","changed_status":"3","timestamp":"2024-09-12 11:17:45","uploaded":"0"}
{"id":"13726","action":"INSERT","table_name":"user_log","record_id":"7653","changed_status":"3","timestamp":"2024-09-12 11:46:40","uploaded":"0"}
{"id":"13727","action":"INSERT","table_name":"user_log","record_id":"7654","changed_status":"3","timestamp":"2024-09-12 12:31:13","uploaded":"0"}
{"id":"13728","action":"UPDATE","table_name":"survey","record_id":"2013","changed_status":"3","timestamp":"2024-09-12 12:52:08","uploaded":"0"}
{"id":"13729","action":"UPDATE","table_name":"survey","record_id":"2013","changed_status":"3","timestamp":"2024-09-12 12:54:47","uploaded":"0"}
{"id":"13730","action":"INSERT","table_name":"user_log","record_id":"7655","changed_status":"3","timestamp":"2024-09-12 12:55:04","uploaded":"0"}
{"id":"13731","action":"INSERT","table_name":"survey","record_id":"2078","changed_status":"3","timestamp":"2024-09-12 12:56:48","uploaded":"0"}
{"id":"13732","action":"UPDATE","table_name":"users","record_id":"705","changed_status":"0","timestamp":"2024-09-12 13:03:45","uploaded":"0"}
{"id":"13733","action":"UPDATE","table_name":"users","record_id":"705","changed_status":"0","timestamp":"2024-09-12 13:03:49","uploaded":"0"}
{"id":"13734","action":"INSERT","table_name":"user_log","record_id":"7656","changed_status":"3","timestamp":"2024-09-12 13:03:49","uploaded":"0"}
{"id":"13735","action":"INSERT","table_name":"user_log","record_id":"7657","changed_status":"3","timestamp":"2024-09-12 13:04:15","uploaded":"0"}
{"id":"13736","action":"UPDATE","table_name":"users","record_id":"705","changed_status":"0","timestamp":"2024-09-12 13:04:15","uploaded":"0"}
{"id":"13737","action":"UPDATE","table_name":"users","record_id":"5503","changed_status":"0","timestamp":"2024-09-12 14:31:08","uploaded":"0"}
{"id":"13738","action":"UPDATE","table_name":"clients","record_id":"282","changed_status":"3","timestamp":"2024-09-12 14:31:14","uploaded":"0"}
{"id":"13739","action":"INSERT","table_name":"user_log","record_id":"7658","changed_status":"3","timestamp":"2024-09-12 14:31:14","uploaded":"0"}
{"id":"13740","action":"INSERT","table_name":"user_log","record_id":"7659","changed_status":"3","timestamp":"2024-09-12 14:40:32","uploaded":"0"}
{"id":"13741","action":"INSERT","table_name":"user_log","record_id":"7660","changed_status":"3","timestamp":"2024-09-12 14:47:53","uploaded":"0"}
{"id":"13742","action":"INSERT","table_name":"user_log","record_id":"7661","changed_status":"3","timestamp":"2024-09-12 15:01:28","uploaded":"0"}
{"id":"13743","action":"INSERT","table_name":"user_log","record_id":"7662","changed_status":"3","timestamp":"2024-09-12 15:30:45","uploaded":"0"}
{"id":"13744","action":"INSERT","table_name":"user_log","record_id":"7663","changed_status":"3","timestamp":"2024-09-12 15:44:48","uploaded":"0"}
{"id":"13745","action":"INSERT","table_name":"user_log","record_id":"7664","changed_status":"3","timestamp":"2024-09-12 16:55:55","uploaded":"0"}
{"id":"13746","action":"INSERT","table_name":"user_log","record_id":"7665","changed_status":"3","timestamp":"2024-09-12 18:47:59","uploaded":"0"}
{"id":"13747","action":"INSERT","table_name":"user_log","record_id":"7666","changed_status":"3","timestamp":"2024-09-12 19:12:19","uploaded":"0"}
{"id":"13748","action":"INSERT","table_name":"user_log","record_id":"7667","changed_status":"3","timestamp":"2024-09-12 19:40:24","uploaded":"0"}
{"id":"13749","action":"INSERT","table_name":"survey","record_id":"2079","changed_status":"3","timestamp":"2024-09-12 19:45:51","uploaded":"0"}
{"id":"13750","action":"UPDATE","table_name":"users","record_id":"152","changed_status":"0","timestamp":"2024-09-13 04:37:10","uploaded":"0"}
{"id":"13751","action":"UPDATE","table_name":"clients","record_id":"91","changed_status":"3","timestamp":"2024-09-13 04:37:15","uploaded":"0"}
{"id":"13752","action":"INSERT","table_name":"user_log","record_id":"7668","changed_status":"3","timestamp":"2024-09-13 04:37:15","uploaded":"0"}
{"id":"13753","action":"UPDATE","table_name":"users","record_id":"5713","changed_status":"0","timestamp":"2024-09-13 04:57:02","uploaded":"0"}
{"id":"13754","action":"UPDATE","table_name":"clients","record_id":"301","changed_status":"3","timestamp":"2024-09-13 04:57:05","uploaded":"0"}
{"id":"13755","action":"INSERT","table_name":"user_log","record_id":"7669","changed_status":"3","timestamp":"2024-09-13 04:57:05","uploaded":"0"}
{"id":"13756","action":"UPDATE","table_name":"users","record_id":"5503","changed_status":"0","timestamp":"2024-09-13 05:30:11","uploaded":"0"}
{"id":"13757","action":"UPDATE","table_name":"clients","record_id":"282","changed_status":"3","timestamp":"2024-09-13 05:30:17","uploaded":"0"}
{"id":"13758","action":"INSERT","table_name":"user_log","record_id":"7670","changed_status":"3","timestamp":"2024-09-13 05:30:17","uploaded":"0"}
{"id":"13759","action":"INSERT","table_name":"user_log","record_id":"7671","changed_status":"3","timestamp":"2024-09-13 05:30:30","uploaded":"0"}
{"id":"13760","action":"INSERT","table_name":"user_log","record_id":"7672","changed_status":"3","timestamp":"2024-09-13 05:33:16","uploaded":"0"}
{"id":"13761","action":"INSERT","table_name":"survey","record_id":"2080","changed_status":"3","timestamp":"2024-09-13 05:34:23","uploaded":"0"}
{"id":"13762","action":"INSERT","table_name":"user_log","record_id":"7673","changed_status":"3","timestamp":"2024-09-13 05:36:41","uploaded":"0"}
{"id":"13763","action":"UPDATE","table_name":"users","record_id":"5195","changed_status":"0","timestamp":"2024-09-13 05:39:47","uploaded":"0"}
{"id":"13764","action":"UPDATE","table_name":"clients","record_id":"272","changed_status":"3","timestamp":"2024-09-13 05:39:52","uploaded":"0"}
{"id":"13765","action":"INSERT","table_name":"user_log","record_id":"7674","changed_status":"3","timestamp":"2024-09-13 05:39:52","uploaded":"0"}
{"id":"13766","action":"UPDATE","table_name":"survey","record_id":"2080","changed_status":"3","timestamp":"2024-09-13 05:44:37","uploaded":"0"}
{"id":"13767","action":"INSERT","table_name":"user_log","record_id":"7675","changed_status":"3","timestamp":"2024-09-13 05:59:13","uploaded":"0"}
{"id":"13768","action":"INSERT","table_name":"user_log","record_id":"7676","changed_status":"3","timestamp":"2024-09-13 06:04:10","uploaded":"0"}
{"id":"13769","action":"UPDATE","table_name":"users","record_id":"109","changed_status":"0","timestamp":"2024-09-13 06:04:28","uploaded":"0"}
{"id":"13770","action":"UPDATE","table_name":"users","record_id":"109","changed_status":"0","timestamp":"2024-09-13 06:04:38","uploaded":"0"}
{"id":"13771","action":"INSERT","table_name":"user_log","record_id":"7677","changed_status":"3","timestamp":"2024-09-13 06:04:38","uploaded":"0"}
{"id":"13772","action":"INSERT","table_name":"user_log","record_id":"7678","changed_status":"3","timestamp":"2024-09-13 06:05:48","uploaded":"0"}
{"id":"13773","action":"UPDATE","table_name":"survey","record_id":"2080","changed_status":"3","timestamp":"2024-09-13 06:11:22","uploaded":"0"}
{"id":"13774","action":"UPDATE","table_name":"survey","record_id":"2080","changed_status":"3","timestamp":"2024-09-13 06:12:12","uploaded":"0"}
{"id":"13775","action":"INSERT","table_name":"user_log","record_id":"7679","changed_status":"3","timestamp":"2024-09-13 06:25:41","uploaded":"0"}
{"id":"13776","action":"UPDATE","table_name":"users","record_id":"109","changed_status":"0","timestamp":"2024-09-13 06:25:41","uploaded":"0"}
{"id":"13777","action":"INSERT","table_name":"user_log","record_id":"7680","changed_status":"3","timestamp":"2024-09-13 06:26:35","uploaded":"0"}
{"id":"13778","action":"UPDATE","table_name":"users","record_id":"109","changed_status":"0","timestamp":"2024-09-13 06:26:35","uploaded":"0"}
{"id":"13779","action":"INSERT","table_name":"user_log","record_id":"7681","changed_status":"3","timestamp":"2024-09-13 06:36:51","uploaded":"0"}
{"id":"13780","action":"INSERT","table_name":"user_log","record_id":"7682","changed_status":"3","timestamp":"2024-09-13 06:42:23","uploaded":"0"}
{"id":"13781","action":"INSERT","table_name":"user_log","record_id":"7683","changed_status":"3","timestamp":"2024-09-13 07:07:05","uploaded":"0"}
{"id":"13782","action":"INSERT","table_name":"user_log","record_id":"7684","changed_status":"3","timestamp":"2024-09-13 07:49:39","uploaded":"0"}
{"id":"13783","action":"INSERT","table_name":"user_log","record_id":"7685","changed_status":"3","timestamp":"2024-09-13 07:59:15","uploaded":"0"}
{"id":"13784","action":"INSERT","table_name":"user_log","record_id":"7686","changed_status":"3","timestamp":"2024-09-13 08:24:57","uploaded":"0"}
{"id":"13785","action":"INSERT","table_name":"user_log","record_id":"7687","changed_status":"3","timestamp":"2024-09-13 08:51:56","uploaded":"0"}
{"id":"13786","action":"INSERT","table_name":"user_log","record_id":"7688","changed_status":"3","timestamp":"2024-09-13 08:52:28","uploaded":"0"}
{"id":"13787","action":"INSERT","table_name":"user_log","record_id":"7689","changed_status":"3","timestamp":"2024-09-13 08:56:17","uploaded":"0"}
{"id":"13788","action":"INSERT","table_name":"user_log","record_id":"7690","changed_status":"3","timestamp":"2024-09-13 09:17:14","uploaded":"0"}
{"id":"13789","action":"INSERT","table_name":"user_log","record_id":"7691","changed_status":"3","timestamp":"2024-09-13 09:23:18","uploaded":"0"}
{"id":"13790","action":"INSERT","table_name":"user_log","record_id":"7692","changed_status":"3","timestamp":"2024-09-13 09:32:36","uploaded":"0"}
{"id":"13791","action":"INSERT","table_name":"user_log","record_id":"7693","changed_status":"3","timestamp":"2024-09-13 09:57:24","uploaded":"0"}
{"id":"13792","action":"INSERT","table_name":"user_log","record_id":"7694","changed_status":"3","timestamp":"2024-09-13 10:03:10","uploaded":"0"}
{"id":"13793","action":"INSERT","table_name":"user_log","record_id":"7695","changed_status":"3","timestamp":"2024-09-13 10:26:55","uploaded":"0"}
{"id":"13794","action":"INSERT","table_name":"user_log","record_id":"7696","changed_status":"3","timestamp":"2024-09-13 11:17:01","uploaded":"0"}
{"id":"13795","action":"INSERT","table_name":"user_log","record_id":"7697","changed_status":"3","timestamp":"2024-09-13 11:35:42","uploaded":"0"}
{"id":"13796","action":"UPDATE","table_name":"users","record_id":"324","changed_status":"0","timestamp":"2024-09-13 11:59:52","uploaded":"0"}
{"id":"13797","action":"UPDATE","table_name":"clients","record_id":"170","changed_status":"3","timestamp":"2024-09-13 11:59:58","uploaded":"0"}
{"id":"13798","action":"INSERT","table_name":"user_log","record_id":"7698","changed_status":"3","timestamp":"2024-09-13 11:59:58","uploaded":"0"}
{"id":"13799","action":"UPDATE","table_name":"survey","record_id":"1989","changed_status":"3","timestamp":"2024-09-13 12:06:25","uploaded":"0"}
{"id":"13800","action":"UPDATE","table_name":"survey","record_id":"2079","changed_status":"3","timestamp":"2024-09-13 12:06:54","uploaded":"0"}
{"id":"13801","action":"UPDATE","table_name":"users","record_id":"428","changed_status":"0","timestamp":"2024-09-13 12:12:01","uploaded":"0"}
{"id":"13802","action":"UPDATE","table_name":"clients","record_id":"170","changed_status":"3","timestamp":"2024-09-13 12:12:07","uploaded":"0"}
{"id":"13803","action":"INSERT","table_name":"user_log","record_id":"7699","changed_status":"3","timestamp":"2024-09-13 12:12:07","uploaded":"0"}
{"id":"13804","action":"UPDATE","table_name":"users","record_id":"5545","changed_status":"0","timestamp":"2024-09-13 12:17:46","uploaded":"0"}
{"id":"13805","action":"UPDATE","table_name":"clients","record_id":"285","changed_status":"3","timestamp":"2024-09-13 12:17:50","uploaded":"0"}
{"id":"13806","action":"INSERT","table_name":"user_log","record_id":"7700","changed_status":"3","timestamp":"2024-09-13 12:17:50","uploaded":"0"}
{"id":"13807","action":"INSERT","table_name":"user_log","record_id":"7701","changed_status":"3","timestamp":"2024-09-13 12:21:16","uploaded":"0"}
{"id":"13808","action":"UPDATE","table_name":"users","record_id":"109","changed_status":"0","timestamp":"2024-09-13 12:21:16","uploaded":"0"}
{"id":"13809","action":"INSERT","table_name":"user_log","record_id":"7702","changed_status":"3","timestamp":"2024-09-13 12:22:36","uploaded":"0"}
{"id":"13810","action":"INSERT","table_name":"user_log","record_id":"7703","changed_status":"3","timestamp":"2024-09-13 12:27:24","uploaded":"0"}
{"id":"13811","action":"INSERT","table_name":"user_log","record_id":"7704","changed_status":"3","timestamp":"2024-09-13 12:42:28","uploaded":"0"}
{"id":"13812","action":"UPDATE","table_name":"users","record_id":"109","changed_status":"0","timestamp":"2024-09-13 12:42:28","uploaded":"0"}
{"id":"13813","action":"UPDATE","table_name":"survey","record_id":"2061","changed_status":"3","timestamp":"2024-09-13 12:49:08","uploaded":"0"}
{"id":"13814","action":"INSERT","table_name":"user_log","record_id":"7705","changed_status":"3","timestamp":"2024-09-13 12:50:41","uploaded":"0"}
{"id":"13815","action":"INSERT","table_name":"user_log","record_id":"7706","changed_status":"3","timestamp":"2024-09-13 12:58:27","uploaded":"0"}
{"id":"13816","action":"UPDATE","table_name":"users","record_id":"109","changed_status":"0","timestamp":"2024-09-13 12:58:27","uploaded":"0"}
{"id":"13817","action":"INSERT","table_name":"user_log","record_id":"7707","changed_status":"3","timestamp":"2024-09-13 13:03:53","uploaded":"0"}
{"id":"13818","action":"UPDATE","table_name":"users","record_id":"109","changed_status":"0","timestamp":"2024-09-13 13:04:10","uploaded":"0"}
{"id":"13819","action":"UPDATE","table_name":"users","record_id":"109","changed_status":"0","timestamp":"2024-09-13 13:04:15","uploaded":"0"}
{"id":"13820","action":"INSERT","table_name":"user_log","record_id":"7708","changed_status":"3","timestamp":"2024-09-13 13:04:15","uploaded":"0"}
{"id":"13821","action":"INSERT","table_name":"user_log","record_id":"7709","changed_status":"3","timestamp":"2024-09-13 13:14:55","uploaded":"0"}
{"id":"13822","action":"INSERT","table_name":"user_log","record_id":"7710","changed_status":"3","timestamp":"2024-09-13 13:23:15","uploaded":"0"}
{"id":"13823","action":"INSERT","table_name":"user_log","record_id":"7711","changed_status":"3","timestamp":"2024-09-13 13:41:16","uploaded":"0"}
{"id":"13824","action":"UPDATE","table_name":"users","record_id":"109","changed_status":"0","timestamp":"2024-09-13 13:41:35","uploaded":"0"}
{"id":"13825","action":"UPDATE","table_name":"users","record_id":"109","changed_status":"0","timestamp":"2024-09-13 13:41:39","uploaded":"0"}
{"id":"13826","action":"INSERT","table_name":"user_log","record_id":"7712","changed_status":"3","timestamp":"2024-09-13 13:41:39","uploaded":"0"}
{"id":"13827","action":"INSERT","table_name":"user_log","record_id":"7713","changed_status":"3","timestamp":"2024-09-13 16:29:22","uploaded":"0"}
{"id":"13828","action":"UPDATE","table_name":"users","record_id":"5672","changed_status":"0","timestamp":"2024-09-13 16:32:17","uploaded":"0"}
{"id":"13829","action":"UPDATE","table_name":"survey","record_id":"2013","changed_status":"3","timestamp":"2024-09-13 16:34:27","uploaded":"0"}
{"id":"13830","action":"UPDATE","table_name":"survey","record_id":"2013","changed_status":"3","timestamp":"2024-09-13 16:34:31","uploaded":"0"}
{"id":"13831","action":"UPDATE","table_name":"survey","record_id":"2013","changed_status":"3","timestamp":"2024-09-13 16:39:10","uploaded":"0"}
{"id":"13832","action":"INSERT","table_name":"user_log","record_id":"7714","changed_status":"3","timestamp":"2024-09-13 16:44:51","uploaded":"0"}
{"id":"13833","action":"INSERT","table_name":"user_log","record_id":"7715","changed_status":"3","timestamp":"2024-09-13 16:58:32","uploaded":"0"}
{"id":"13834","action":"INSERT","table_name":"user_log","record_id":"7716","changed_status":"3","timestamp":"2024-09-13 18:05:57","uploaded":"0"}
{"id":"13835","action":"UPDATE","table_name":"users","record_id":"5503","changed_status":"0","timestamp":"2024-09-14 05:31:08","uploaded":"0"}
{"id":"13836","action":"UPDATE","table_name":"clients","record_id":"282","changed_status":"3","timestamp":"2024-09-14 05:31:27","uploaded":"0"}
{"id":"13837","action":"INSERT","table_name":"user_log","record_id":"7717","changed_status":"3","timestamp":"2024-09-14 05:31:27","uploaded":"0"}
{"id":"13838","action":"UPDATE","table_name":"users","record_id":"5713","changed_status":"0","timestamp":"2024-09-14 06:25:43","uploaded":"0"}
{"id":"13839","action":"UPDATE","table_name":"clients","record_id":"301","changed_status":"3","timestamp":"2024-09-14 06:25:48","uploaded":"0"}
{"id":"13840","action":"INSERT","table_name":"user_log","record_id":"7718","changed_status":"3","timestamp":"2024-09-14 06:25:48","uploaded":"0"}
{"id":"13841","action":"UPDATE","table_name":"users","record_id":"152","changed_status":"0","timestamp":"2024-09-14 06:42:23","uploaded":"0"}
{"id":"13842","action":"UPDATE","table_name":"clients","record_id":"91","changed_status":"3","timestamp":"2024-09-14 06:42:27","uploaded":"0"}
{"id":"13843","action":"INSERT","table_name":"user_log","record_id":"7719","changed_status":"3","timestamp":"2024-09-14 06:42:27","uploaded":"0"}
{"id":"13844","action":"UPDATE","table_name":"users","record_id":"324","changed_status":"0","timestamp":"2024-09-14 06:56:40","uploaded":"0"}
{"id":"13845","action":"UPDATE","table_name":"clients","record_id":"170","changed_status":"3","timestamp":"2024-09-14 06:56:46","uploaded":"0"}
{"id":"13846","action":"INSERT","table_name":"user_log","record_id":"7720","changed_status":"3","timestamp":"2024-09-14 06:56:46","uploaded":"0"}
{"id":"13847","action":"UPDATE","table_name":"survey","record_id":"2007","changed_status":"3","timestamp":"2024-09-14 07:00:01","uploaded":"0"}
{"id":"13848","action":"INSERT","table_name":"user_log","record_id":"7721","changed_status":"3","timestamp":"2024-09-14 08:58:19","uploaded":"0"}
{"id":"13849","action":"UPDATE","table_name":"survey","record_id":"2007","changed_status":"3","timestamp":"2024-09-14 09:04:39","uploaded":"0"}
{"id":"13850","action":"UPDATE","table_name":"survey","record_id":"2007","changed_status":"3","timestamp":"2024-09-14 09:07:04","uploaded":"0"}
{"id":"13851","action":"UPDATE","table_name":"survey","record_id":"2007","changed_status":"3","timestamp":"2024-09-14 09:14:30","uploaded":"0"}
{"id":"13852","action":"INSERT","table_name":"user_log","record_id":"7722","changed_status":"3","timestamp":"2024-09-14 09:30:59","uploaded":"0"}
{"id":"13853","action":"INSERT","table_name":"user_log","record_id":"7723","changed_status":"3","timestamp":"2024-09-14 09:46:58","uploaded":"0"}
{"id":"13854","action":"INSERT","table_name":"user_log","record_id":"7724","changed_status":"3","timestamp":"2024-09-14 09:56:35","uploaded":"0"}
{"id":"13855","action":"INSERT","table_name":"user_log","record_id":"7725","changed_status":"3","timestamp":"2024-09-14 10:27:04","uploaded":"0"}
{"id":"13856","action":"UPDATE","table_name":"survey","record_id":"2007","changed_status":"3","timestamp":"2024-09-14 10:29:58","uploaded":"0"}
{"id":"13857","action":"UPDATE","table_name":"survey","record_id":"2007","changed_status":"3","timestamp":"2024-09-14 10:30:31","uploaded":"0"}
{"id":"13858","action":"INSERT","table_name":"user_log","record_id":"7726","changed_status":"3","timestamp":"2024-09-14 11:03:15","uploaded":"0"}
{"id":"13859","action":"INSERT","table_name":"user_log","record_id":"7727","changed_status":"3","timestamp":"2024-09-14 11:05:33","uploaded":"0"}
{"id":"13860","action":"INSERT","table_name":"survey","record_id":"2081","changed_status":"3","timestamp":"2024-09-14 11:06:03","uploaded":"0"}
{"id":"13861","action":"INSERT","table_name":"user_log","record_id":"7728","changed_status":"3","timestamp":"2024-09-14 11:32:41","uploaded":"0"}
{"id":"13862","action":"UPDATE","table_name":"survey","record_id":"2081","changed_status":"3","timestamp":"2024-09-14 11:36:14","uploaded":"0"}
{"id":"13863","action":"UPDATE","table_name":"survey","record_id":"2081","changed_status":"3","timestamp":"2024-09-14 11:38:39","uploaded":"0"}
{"id":"13864","action":"UPDATE","table_name":"survey","record_id":"2081","changed_status":"3","timestamp":"2024-09-14 11:49:29","uploaded":"0"}
{"id":"13865","action":"UPDATE","table_name":"survey","record_id":"2081","changed_status":"3","timestamp":"2024-09-14 11:49:52","uploaded":"0"}
{"id":"13866","action":"INSERT","table_name":"user_log","record_id":"7729","changed_status":"3","timestamp":"2024-09-14 11:58:16","uploaded":"0"}
{"id":"13867","action":"UPDATE","table_name":"survey","record_id":"2081","changed_status":"3","timestamp":"2024-09-14 11:59:03","uploaded":"0"}
{"id":"13868","action":"UPDATE","table_name":"survey","record_id":"2081","changed_status":"3","timestamp":"2024-09-14 12:00:36","uploaded":"0"}
{"id":"13869","action":"UPDATE","table_name":"survey","record_id":"2081","changed_status":"3","timestamp":"2024-09-14 12:01:32","uploaded":"0"}
{"id":"13870","action":"UPDATE","table_name":"survey","record_id":"2081","changed_status":"3","timestamp":"2024-09-14 12:06:41","uploaded":"0"}
{"id":"13871","action":"UPDATE","table_name":"survey","record_id":"2081","changed_status":"3","timestamp":"2024-09-14 12:07:16","uploaded":"0"}
{"id":"13872","action":"UPDATE","table_name":"survey","record_id":"2081","changed_status":"3","timestamp":"2024-09-14 12:11:30","uploaded":"0"}
{"id":"13873","action":"INSERT","table_name":"user_log","record_id":"7730","changed_status":"3","timestamp":"2024-09-14 12:40:25","uploaded":"0"}
{"id":"13874","action":"INSERT","table_name":"user_log","record_id":"7731","changed_status":"3","timestamp":"2024-09-14 12:56:24","uploaded":"0"}
{"id":"13875","action":"UPDATE","table_name":"survey","record_id":"2079","changed_status":"3","timestamp":"2024-09-14 12:56:44","uploaded":"0"}
{"id":"13876","action":"INSERT","table_name":"user_log","record_id":"7732","changed_status":"3","timestamp":"2024-09-14 14:22:53","uploaded":"0"}
{"id":"13877","action":"INSERT","table_name":"user_log","record_id":"7733","changed_status":"3","timestamp":"2024-09-14 16:56:54","uploaded":"0"}
{"id":"13878","action":"INSERT","table_name":"survey","record_id":"2082","changed_status":"3","timestamp":"2024-09-14 16:59:43","uploaded":"0"}
{"id":"13879","action":"UPDATE","table_name":"survey","record_id":"2082","changed_status":"3","timestamp":"2024-09-14 17:02:34","uploaded":"0"}
{"id":"13880","action":"INSERT","table_name":"user_log","record_id":"7734","changed_status":"3","timestamp":"2024-09-14 17:05:21","uploaded":"0"}
{"id":"13881","action":"UPDATE","table_name":"users","record_id":"5545","changed_status":"0","timestamp":"2024-09-15 01:34:26","uploaded":"0"}
{"id":"13882","action":"UPDATE","table_name":"clients","record_id":"285","changed_status":"3","timestamp":"2024-09-15 01:34:30","uploaded":"0"}
{"id":"13883","action":"INSERT","table_name":"user_log","record_id":"7735","changed_status":"3","timestamp":"2024-09-15 01:34:30","uploaded":"0"}
{"id":"13884","action":"INSERT","table_name":"user_log","record_id":"7736","changed_status":"3","timestamp":"2024-09-15 01:51:34","uploaded":"0"}
{"id":"13885","action":"INSERT","table_name":"user_log","record_id":"7737","changed_status":"3","timestamp":"2024-09-15 02:20:30","uploaded":"0"}
{"id":"13886","action":"INSERT","table_name":"user_log","record_id":"7738","changed_status":"3","timestamp":"2024-09-15 02:47:35","uploaded":"0"}
{"id":"13887","action":"INSERT","table_name":"user_log","record_id":"7739","changed_status":"3","timestamp":"2024-09-15 03:53:15","uploaded":"0"}
{"id":"13888","action":"UPDATE","table_name":"users","record_id":"152","changed_status":"0","timestamp":"2024-09-15 08:06:25","uploaded":"0"}
{"id":"13889","action":"UPDATE","table_name":"clients","record_id":"91","changed_status":"3","timestamp":"2024-09-15 08:06:30","uploaded":"0"}
{"id":"13890","action":"INSERT","table_name":"user_log","record_id":"7740","changed_status":"3","timestamp":"2024-09-15 08:06:30","uploaded":"0"}
{"id":"13891","action":"UPDATE","table_name":"users","record_id":"324","changed_status":"0","timestamp":"2024-09-15 08:48:20","uploaded":"0"}
{"id":"13892","action":"UPDATE","table_name":"clients","record_id":"170","changed_status":"3","timestamp":"2024-09-15 08:48:25","uploaded":"0"}
{"id":"13893","action":"INSERT","table_name":"user_log","record_id":"7741","changed_status":"3","timestamp":"2024-09-15 08:48:25","uploaded":"0"}
{"id":"13894","action":"UPDATE","table_name":"survey","record_id":"2079","changed_status":"3","timestamp":"2024-09-15 08:48:44","uploaded":"0"}
{"id":"13895","action":"INSERT","table_name":"user_log","record_id":"7742","changed_status":"3","timestamp":"2024-09-15 10:23:48","uploaded":"0"}
{"id":"13896","action":"UPDATE","table_name":"users","record_id":"5715","changed_status":"0","timestamp":"2024-09-15 10:23:48","uploaded":"0"}
{"id":"13897","action":"INSERT","table_name":"user_log","record_id":"7743","changed_status":"3","timestamp":"2024-09-15 10:31:16","uploaded":"0"}
{"id":"13898","action":"UPDATE","table_name":"users","record_id":"5664","changed_status":"0","timestamp":"2024-09-15 10:31:16","uploaded":"0"}
{"id":"13899","action":"UPDATE","table_name":"users","record_id":"5713","changed_status":"0","timestamp":"2024-09-15 10:40:58","uploaded":"0"}
{"id":"13900","action":"UPDATE","table_name":"clients","record_id":"301","changed_status":"3","timestamp":"2024-09-15 10:41:02","uploaded":"0"}
{"id":"13901","action":"INSERT","table_name":"user_log","record_id":"7744","changed_status":"3","timestamp":"2024-09-15 10:41:02","uploaded":"0"}
{"id":"13902","action":"INSERT","table_name":"user_log","record_id":"7745","changed_status":"3","timestamp":"2024-09-15 14:18:23","uploaded":"0"}
{"id":"13903","action":"UPDATE","table_name":"survey","record_id":"2082","changed_status":"3","timestamp":"2024-09-15 16:39:43","uploaded":"0"}
{"id":"13904","action":"INSERT","table_name":"user_log","record_id":"7746","changed_status":"3","timestamp":"2024-09-15 16:40:43","uploaded":"0"}
{"id":"13905","action":"UPDATE","table_name":"users","record_id":"5503","changed_status":"0","timestamp":"2024-09-16 02:40:52","uploaded":"0"}
{"id":"13906","action":"UPDATE","table_name":"clients","record_id":"282","changed_status":"3","timestamp":"2024-09-16 02:40:58","uploaded":"0"}
{"id":"13907","action":"INSERT","table_name":"user_log","record_id":"7747","changed_status":"3","timestamp":"2024-09-16 02:40:58","uploaded":"0"}
{"id":"13908","action":"INSERT","table_name":"user_log","record_id":"7748","changed_status":"3","timestamp":"2024-09-16 03:43:56","uploaded":"0"}
{"id":"13909","action":"INSERT","table_name":"user_log","record_id":"7749","changed_status":"3","timestamp":"2024-09-16 04:08:29","uploaded":"0"}
{"id":"13910","action":"UPDATE","table_name":"users","record_id":"5713","changed_status":"0","timestamp":"2024-09-16 05:13:56","uploaded":"0"}
{"id":"13911","action":"UPDATE","table_name":"clients","record_id":"301","changed_status":"3","timestamp":"2024-09-16 05:14:02","uploaded":"0"}
{"id":"13912","action":"INSERT","table_name":"user_log","record_id":"7750","changed_status":"3","timestamp":"2024-09-16 05:14:02","uploaded":"0"}
{"id":"13913","action":"INSERT","table_name":"user_log","record_id":"7751","changed_status":"3","timestamp":"2024-09-16 05:14:20","uploaded":"0"}
{"id":"13914","action":"UPDATE","table_name":"users","record_id":"152","changed_status":"0","timestamp":"2024-09-16 05:14:50","uploaded":"0"}
{"id":"13915","action":"UPDATE","table_name":"users","record_id":"5195","changed_status":"0","timestamp":"2024-09-16 05:14:54","uploaded":"0"}
{"id":"13916","action":"UPDATE","table_name":"clients","record_id":"91","changed_status":"3","timestamp":"2024-09-16 05:14:55","uploaded":"0"}
{"id":"13917","action":"INSERT","table_name":"user_log","record_id":"7752","changed_status":"3","timestamp":"2024-09-16 05:14:55","uploaded":"0"}
{"id":"13918","action":"UPDATE","table_name":"clients","record_id":"272","changed_status":"3","timestamp":"2024-09-16 05:14:59","uploaded":"0"}
{"id":"13919","action":"INSERT","table_name":"user_log","record_id":"7753","changed_status":"3","timestamp":"2024-09-16 05:14:59","uploaded":"0"}
{"id":"13920","action":"UPDATE","table_name":"users","record_id":"324","changed_status":"0","timestamp":"2024-09-16 05:16:59","uploaded":"0"}
{"id":"13921","action":"UPDATE","table_name":"clients","record_id":"170","changed_status":"3","timestamp":"2024-09-16 05:17:05","uploaded":"0"}
{"id":"13922","action":"INSERT","table_name":"user_log","record_id":"7754","changed_status":"3","timestamp":"2024-09-16 05:17:05","uploaded":"0"}
{"id":"13923","action":"UPDATE","table_name":"users","record_id":"5545","changed_status":"0","timestamp":"2024-09-16 05:20:34","uploaded":"0"}
{"id":"13924","action":"UPDATE","table_name":"clients","record_id":"285","changed_status":"3","timestamp":"2024-09-16 05:20:38","uploaded":"0"}
{"id":"13925","action":"INSERT","table_name":"user_log","record_id":"7755","changed_status":"3","timestamp":"2024-09-16 05:20:38","uploaded":"0"}
{"id":"13926","action":"INSERT","table_name":"user_log","record_id":"7756","changed_status":"3","timestamp":"2024-09-16 05:28:39","uploaded":"0"}
{"id":"13927","action":"UPDATE","table_name":"users","record_id":"109","changed_status":"0","timestamp":"2024-09-16 05:28:39","uploaded":"0"}
{"id":"13928","action":"INSERT","table_name":"user_log","record_id":"7757","changed_status":"3","timestamp":"2024-09-16 05:30:47","uploaded":"0"}
{"id":"13929","action":"INSERT","table_name":"survey","record_id":"2083","changed_status":"3","timestamp":"2024-09-16 05:32:39","uploaded":"0"}
{"id":"13930","action":"INSERT","table_name":"user_log","record_id":"7758","changed_status":"3","timestamp":"2024-09-16 05:36:11","uploaded":"0"}
{"id":"13931","action":"INSERT","table_name":"survey","record_id":"2084","changed_status":"3","timestamp":"2024-09-16 05:38:19","uploaded":"0"}
{"id":"13932","action":"UPDATE","table_name":"survey","record_id":"2083","changed_status":"3","timestamp":"2024-09-16 05:39:30","uploaded":"0"}
{"id":"13933","action":"UPDATE","table_name":"users","record_id":"650","changed_status":"0","timestamp":"2024-09-16 05:45:11","uploaded":"0"}
{"id":"13934","action":"UPDATE","table_name":"clients","record_id":"231","changed_status":"3","timestamp":"2024-09-16 05:45:15","uploaded":"0"}
{"id":"13935","action":"INSERT","table_name":"user_log","record_id":"7759","changed_status":"3","timestamp":"2024-09-16 05:45:16","uploaded":"0"}
{"id":"13936","action":"UPDATE","table_name":"survey","record_id":"2084","changed_status":"3","timestamp":"2024-09-16 05:45:37","uploaded":"0"}
{"id":"13937","action":"INSERT","table_name":"user_log","record_id":"7760","changed_status":"3","timestamp":"2024-09-16 05:47:01","uploaded":"0"}
{"id":"13938","action":"INSERT","table_name":"survey","record_id":"2085","changed_status":"3","timestamp":"2024-09-16 05:51:39","uploaded":"0"}
{"id":"13939","action":"INSERT","table_name":"user_log","record_id":"7761","changed_status":"3","timestamp":"2024-09-16 06:12:11","uploaded":"0"}
{"id":"13940","action":"UPDATE","table_name":"survey","record_id":"2085","changed_status":"3","timestamp":"2024-09-16 06:13:26","uploaded":"0"}
{"id":"13941","action":"INSERT","table_name":"survey","record_id":"2086","changed_status":"3","timestamp":"2024-09-16 06:15:46","uploaded":"0"}
{"id":"13942","action":"UPDATE","table_name":"survey","record_id":"2086","changed_status":"3","timestamp":"2024-09-16 06:16:38","uploaded":"0"}
{"id":"13943","action":"INSERT","table_name":"user_log","record_id":"7762","changed_status":"3","timestamp":"2024-09-16 06:21:48","uploaded":"0"}
{"id":"13944","action":"UPDATE","table_name":"survey","record_id":"2086","changed_status":"3","timestamp":"2024-09-16 06:28:23","uploaded":"0"}
{"id":"13945","action":"UPDATE","table_name":"survey","record_id":"2086","changed_status":"3","timestamp":"2024-09-16 06:29:48","uploaded":"0"}
{"id":"13946","action":"UPDATE","table_name":"survey","record_id":"2086","changed_status":"3","timestamp":"2024-09-16 06:32:09","uploaded":"0"}
{"id":"13947","action":"INSERT","table_name":"user_log","record_id":"7763","changed_status":"3","timestamp":"2024-09-16 06:42:26","uploaded":"0"}
{"id":"13948","action":"INSERT","table_name":"user_log","record_id":"7764","changed_status":"3","timestamp":"2024-09-16 06:43:22","uploaded":"0"}
{"id":"13949","action":"INSERT","table_name":"user_log","record_id":"7765","changed_status":"3","timestamp":"2024-09-16 06:58:39","uploaded":"0"}
{"id":"13950","action":"UPDATE","table_name":"users","record_id":"5679","changed_status":"0","timestamp":"2024-09-16 06:59:15","uploaded":"0"}
{"id":"13951","action":"UPDATE","table_name":"users","record_id":"5679","changed_status":"0","timestamp":"2024-09-16 07:00:32","uploaded":"0"}
{"id":"13952","action":"INSERT","table_name":"user_log","record_id":"7766","changed_status":"3","timestamp":"2024-09-16 07:00:32","uploaded":"0"}
{"id":"13953","action":"INSERT","table_name":"user_log","record_id":"7767","changed_status":"3","timestamp":"2024-09-16 07:01:52","uploaded":"0"}
{"id":"13954","action":"INSERT","table_name":"user_log","record_id":"7768","changed_status":"3","timestamp":"2024-09-16 07:04:25","uploaded":"0"}
{"id":"13955","action":"UPDATE","table_name":"survey","record_id":"2086","changed_status":"3","timestamp":"2024-09-16 07:05:22","uploaded":"0"}
{"id":"13956","action":"UPDATE","table_name":"survey","record_id":"2086","changed_status":"3","timestamp":"2024-09-16 07:15:54","uploaded":"0"}
{"id":"13957","action":"UPDATE","table_name":"survey","record_id":"2086","changed_status":"3","timestamp":"2024-09-16 07:17:06","uploaded":"0"}
{"id":"13958","action":"UPDATE","table_name":"survey","record_id":"2086","changed_status":"3","timestamp":"2024-09-16 07:18:02","uploaded":"0"}
{"id":"13959","action":"UPDATE","table_name":"survey","record_id":"2086","changed_status":"3","timestamp":"2024-09-16 07:18:24","uploaded":"0"}
{"id":"13960","action":"INSERT","table_name":"user_log","record_id":"7769","changed_status":"3","timestamp":"2024-09-16 07:33:37","uploaded":"0"}
{"id":"13961","action":"INSERT","table_name":"survey","record_id":"2087","changed_status":"3","timestamp":"2024-09-16 07:34:48","uploaded":"0"}
{"id":"13962","action":"UPDATE","table_name":"survey","record_id":"2087","changed_status":"3","timestamp":"2024-09-16 07:36:59","uploaded":"0"}
{"id":"13963","action":"UPDATE","table_name":"survey","record_id":"2087","changed_status":"3","timestamp":"2024-09-16 07:37:42","uploaded":"0"}
{"id":"13964","action":"UPDATE","table_name":"survey","record_id":"2087","changed_status":"3","timestamp":"2024-09-16 07:38:20","uploaded":"0"}
{"id":"13965","action":"UPDATE","table_name":"survey","record_id":"2087","changed_status":"3","timestamp":"2024-09-16 07:39:40","uploaded":"0"}
{"id":"13966","action":"INSERT","table_name":"user_log","record_id":"7770","changed_status":"3","timestamp":"2024-09-16 08:18:59","uploaded":"0"}
{"id":"13967","action":"INSERT","table_name":"user_log","record_id":"7771","changed_status":"3","timestamp":"2024-09-16 08:29:19","uploaded":"0"}
{"id":"13968","action":"INSERT","table_name":"user_log","record_id":"7772","changed_status":"3","timestamp":"2024-09-16 08:29:59","uploaded":"0"}
{"id":"13969","action":"UPDATE","table_name":"survey","record_id":"2087","changed_status":"3","timestamp":"2024-09-16 08:30:45","uploaded":"0"}
{"id":"13970","action":"INSERT","table_name":"user_log","record_id":"7773","changed_status":"3","timestamp":"2024-09-16 08:55:45","uploaded":"0"}
{"id":"13971","action":"INSERT","table_name":"user_log","record_id":"7774","changed_status":"3","timestamp":"2024-09-16 09:00:11","uploaded":"0"}
{"id":"13972","action":"INSERT","table_name":"user_log","record_id":"7775","changed_status":"3","timestamp":"2024-09-16 09:05:29","uploaded":"0"}
{"id":"13973","action":"UPDATE","table_name":"users","record_id":"109","changed_status":"0","timestamp":"2024-09-16 09:05:29","uploaded":"0"}
{"id":"13974","action":"UPDATE","table_name":"survey","record_id":"2087","changed_status":"3","timestamp":"2024-09-16 09:13:49","uploaded":"0"}
{"id":"13975","action":"UPDATE","table_name":"survey","record_id":"2087","changed_status":"3","timestamp":"2024-09-16 09:15:43","uploaded":"0"}
{"id":"13976","action":"INSERT","table_name":"user_log","record_id":"7776","changed_status":"3","timestamp":"2024-09-16 09:23:30","uploaded":"0"}
{"id":"13977","action":"UPDATE","table_name":"users","record_id":"3","changed_status":"0","timestamp":"2024-09-16 09:49:38","uploaded":"0"}
{"id":"13978","action":"INSERT","table_name":"user_log","record_id":"7777","changed_status":"3","timestamp":"2024-09-16 09:49:42","uploaded":"0"}
{"id":"13979","action":"INSERT","table_name":"user_log","record_id":"7778","changed_status":"3","timestamp":"2024-09-16 10:03:50","uploaded":"0"}
{"id":"13980","action":"INSERT","table_name":"user_log","record_id":"7779","changed_status":"3","timestamp":"2024-09-16 10:13:18","uploaded":"0"}
{"id":"13981","action":"UPDATE","table_name":"survey","record_id":"2087","changed_status":"3","timestamp":"2024-09-16 10:13:49","uploaded":"0"}
{"id":"13982","action":"INSERT","table_name":"user_log","record_id":"7780","changed_status":"3","timestamp":"2024-09-16 10:25:39","uploaded":"0"}
{"id":"13983","action":"INSERT","table_name":"user_log","record_id":"7781","changed_status":"3","timestamp":"2024-09-16 10:42:17","uploaded":"0"}
{"id":"13984","action":"INSERT","table_name":"user_log","record_id":"7782","changed_status":"3","timestamp":"2024-09-16 10:46:27","uploaded":"0"}
{"id":"13985","action":"INSERT","table_name":"user_log","record_id":"7783","changed_status":"3","timestamp":"2024-09-16 10:58:39","uploaded":"0"}
{"id":"13986","action":"INSERT","table_name":"user_log","record_id":"7784","changed_status":"3","timestamp":"2024-09-16 11:01:53","uploaded":"0"}
{"id":"13987","action":"INSERT","table_name":"user_log","record_id":"7785","changed_status":"3","timestamp":"2024-09-16 11:02:17","uploaded":"0"}
{"id":"13988","action":"INSERT","table_name":"survey","record_id":"2088","changed_status":"3","timestamp":"2024-09-16 11:04:42","uploaded":"0"}
{"id":"13989","action":"INSERT","table_name":"user_log","record_id":"7786","changed_status":"3","timestamp":"2024-09-16 11:09:13","uploaded":"0"}
{"id":"13990","action":"UPDATE","table_name":"survey","record_id":"2088","changed_status":"3","timestamp":"2024-09-16 11:11:13","uploaded":"0"}
{"id":"13991","action":"UPDATE","table_name":"survey","record_id":"2088","changed_status":"3","timestamp":"2024-09-16 11:11:47","uploaded":"0"}
{"id":"13992","action":"INSERT","table_name":"user_log","record_id":"7787","changed_status":"3","timestamp":"2024-09-16 11:18:15","uploaded":"0"}
{"id":"13993","action":"UPDATE","table_name":"survey","record_id":"2088","changed_status":"3","timestamp":"2024-09-16 11:19:09","uploaded":"0"}
{"id":"13994","action":"UPDATE","table_name":"survey","record_id":"2088","changed_status":"3","timestamp":"2024-09-16 11:30:45","uploaded":"0"}
{"id":"13995","action":"INSERT","table_name":"user_log","record_id":"7788","changed_status":"3","timestamp":"2024-09-16 11:31:26","uploaded":"0"}
{"id":"13996","action":"UPDATE","table_name":"survey","record_id":"2088","changed_status":"3","timestamp":"2024-09-16 11:31:58","uploaded":"0"}
{"id":"13997","action":"INSERT","table_name":"user_log","record_id":"7789","changed_status":"3","timestamp":"2024-09-16 11:34:56","uploaded":"0"}
{"id":"13998","action":"INSERT","table_name":"user_log","record_id":"7790","changed_status":"3","timestamp":"2024-09-16 11:36:56","uploaded":"0"}
{"id":"13999","action":"INSERT","table_name":"user_log","record_id":"7791","changed_status":"3","timestamp":"2024-09-16 11:42:53","uploaded":"0"}
{"id":"14000","action":"INSERT","table_name":"user_log","record_id":"7792","changed_status":"3","timestamp":"2024-09-16 11:43:02","uploaded":"0"}
{"id":"14001","action":"INSERT","table_name":"survey","record_id":"2089","changed_status":"3","timestamp":"2024-09-16 11:44:22","uploaded":"0"}
{"id":"14002","action":"UPDATE","table_name":"survey","record_id":"2089","changed_status":"3","timestamp":"2024-09-16 11:45:24","uploaded":"0"}
{"id":"14003","action":"INSERT","table_name":"user_log","record_id":"7793","changed_status":"3","timestamp":"2024-09-16 11:50:36","uploaded":"0"}
{"id":"14004","action":"UPDATE","table_name":"survey","record_id":"2089","changed_status":"3","timestamp":"2024-09-16 11:52:31","uploaded":"0"}
{"id":"14005","action":"INSERT","table_name":"user_log","record_id":"7794","changed_status":"3","timestamp":"2024-09-16 11:53:59","uploaded":"0"}
{"id":"14006","action":"UPDATE","table_name":"survey","record_id":"2089","changed_status":"3","timestamp":"2024-09-16 11:55:26","uploaded":"0"}
{"id":"14007","action":"UPDATE","table_name":"survey","record_id":"2089","changed_status":"3","timestamp":"2024-09-16 11:56:31","uploaded":"0"}
{"id":"14008","action":"INSERT","table_name":"user_log","record_id":"7795","changed_status":"3","timestamp":"2024-09-16 12:05:15","uploaded":"0"}
{"id":"14009","action":"INSERT","table_name":"survey","record_id":"2090","changed_status":"3","timestamp":"2024-09-16 12:08:40","uploaded":"0"}
{"id":"14010","action":"INSERT","table_name":"user_log","record_id":"7796","changed_status":"3","timestamp":"2024-09-16 12:08:46","uploaded":"0"}
{"id":"14011","action":"UPDATE","table_name":"users","record_id":"428","changed_status":"0","timestamp":"2024-09-16 12:09:36","uploaded":"0"}
{"id":"14012","action":"INSERT","table_name":"user_log","record_id":"7797","changed_status":"3","timestamp":"2024-09-16 12:12:56","uploaded":"0"}
{"id":"14013","action":"UPDATE","table_name":"users","record_id":"428","changed_status":"0","timestamp":"2024-09-16 12:15:33","uploaded":"0"}
{"id":"14014","action":"INSERT","table_name":"user_log","record_id":"7798","changed_status":"3","timestamp":"2024-09-16 12:15:33","uploaded":"0"}
{"id":"14015","action":"INSERT","table_name":"user_log","record_id":"7799","changed_status":"3","timestamp":"2024-09-16 12:16:49","uploaded":"0"}
{"id":"14016","action":"UPDATE","table_name":"users","record_id":"5439","changed_status":"0","timestamp":"2024-09-16 12:17:24","uploaded":"0"}
{"id":"14017","action":"UPDATE","table_name":"survey","record_id":"2088","changed_status":"3","timestamp":"2024-09-16 12:17:25","uploaded":"0"}
{"id":"14018","action":"UPDATE","table_name":"users","record_id":"5578","changed_status":"0","timestamp":"2024-09-16 12:17:38","uploaded":"0"}
{"id":"14019","action":"UPDATE","table_name":"users","record_id":"703","changed_status":"0","timestamp":"2024-09-16 12:17:55","uploaded":"0"}
{"id":"14020","action":"INSERT","table_name":"survey","record_id":"2091","changed_status":"3","timestamp":"2024-09-16 12:18:39","uploaded":"0"}
{"id":"14021","action":"INSERT","table_name":"user_log","record_id":"7800","changed_status":"3","timestamp":"2024-09-16 12:19:05","uploaded":"0"}
{"id":"14022","action":"UPDATE","table_name":"survey","record_id":"2091","changed_status":"3","timestamp":"2024-09-16 12:20:44","uploaded":"0"}
{"id":"14023","action":"INSERT","table_name":"user_log","record_id":"7801","changed_status":"3","timestamp":"2024-09-16 12:33:09","uploaded":"0"}
{"id":"14024","action":"INSERT","table_name":"user_log","record_id":"7802","changed_status":"3","timestamp":"2024-09-16 12:42:13","uploaded":"0"}
{"id":"14025","action":"INSERT","table_name":"user_log","record_id":"7803","changed_status":"3","timestamp":"2024-09-16 12:43:50","uploaded":"0"}
{"id":"14026","action":"INSERT","table_name":"user_log","record_id":"7804","changed_status":"3","timestamp":"2024-09-16 12:59:39","uploaded":"0"}
{"id":"14027","action":"INSERT","table_name":"user_log","record_id":"7805","changed_status":"3","timestamp":"2024-09-16 13:14:30","uploaded":"0"}
{"id":"14028","action":"INSERT","table_name":"user_log","record_id":"7806","changed_status":"3","timestamp":"2024-09-16 13:17:19","uploaded":"0"}
{"id":"14029","action":"UPDATE","table_name":"users","record_id":"5439","changed_status":"0","timestamp":"2024-09-16 19:07:36","uploaded":"0"}
{"id":"14030","action":"INSERT","table_name":"user_log","record_id":"7807","changed_status":"3","timestamp":"2024-09-16 19:07:36","uploaded":"0"}
{"id":"14031","action":"UPDATE","table_name":"users","record_id":"324","changed_status":"0","timestamp":"2024-09-17 00:51:13","uploaded":"0"}
{"id":"14032","action":"UPDATE","table_name":"clients","record_id":"170","changed_status":"3","timestamp":"2024-09-17 00:51:18","uploaded":"0"}
{"id":"14033","action":"INSERT","table_name":"user_log","record_id":"7808","changed_status":"3","timestamp":"2024-09-17 00:51:18","uploaded":"0"}
{"id":"14034","action":"UPDATE","table_name":"users","record_id":"5713","changed_status":"0","timestamp":"2024-09-17 01:50:01","uploaded":"0"}
{"id":"14035","action":"UPDATE","table_name":"clients","record_id":"301","changed_status":"3","timestamp":"2024-09-17 01:50:06","uploaded":"0"}
{"id":"14036","action":"INSERT","table_name":"user_log","record_id":"7809","changed_status":"3","timestamp":"2024-09-17 01:50:06","uploaded":"0"}
{"id":"14037","action":"INSERT","table_name":"survey","record_id":"2092","changed_status":"3","timestamp":"2024-09-17 01:58:58","uploaded":"0"}
{"id":"14038","action":"UPDATE","table_name":"survey","record_id":"2092","changed_status":"3","timestamp":"2024-09-17 02:07:42","uploaded":"0"}
{"id":"14039","action":"UPDATE","table_name":"users","record_id":"5757","changed_status":"0","timestamp":"2024-09-17 02:10:05","uploaded":"0"}
{"id":"14040","action":"UPDATE","table_name":"users","record_id":"5757","changed_status":"0","timestamp":"2024-09-17 02:10:07","uploaded":"0"}
{"id":"14041","action":"INSERT","table_name":"user_log","record_id":"7810","changed_status":"3","timestamp":"2024-09-17 02:10:07","uploaded":"0"}
{"id":"14042","action":"UPDATE","table_name":"users","record_id":"152","changed_status":"0","timestamp":"2024-09-17 04:08:08","uploaded":"0"}
{"id":"14043","action":"UPDATE","table_name":"clients","record_id":"91","changed_status":"3","timestamp":"2024-09-17 04:08:12","uploaded":"0"}
{"id":"14044","action":"INSERT","table_name":"user_log","record_id":"7811","changed_status":"3","timestamp":"2024-09-17 04:08:13","uploaded":"0"}
{"id":"14045","action":"INSERT","table_name":"survey","record_id":"2093","changed_status":"3","timestamp":"2024-09-17 04:11:32","uploaded":"0"}
{"id":"14046","action":"UPDATE","table_name":"survey","record_id":"2093","changed_status":"3","timestamp":"2024-09-17 04:29:35","uploaded":"0"}
{"id":"14047","action":"INSERT","table_name":"user_log","record_id":"7812","changed_status":"3","timestamp":"2024-09-17 04:35:41","uploaded":"0"}
{"id":"14048","action":"UPDATE","table_name":"survey","record_id":"2093","changed_status":"3","timestamp":"2024-09-17 04:39:40","uploaded":"0"}
{"id":"14049","action":"INSERT","table_name":"user_log","record_id":"7813","changed_status":"3","timestamp":"2024-09-17 04:45:17","uploaded":"0"}
{"id":"14050","action":"INSERT","table_name":"user_log","record_id":"7814","changed_status":"3","timestamp":"2024-09-17 04:45:42","uploaded":"0"}
{"id":"14051","action":"INSERT","table_name":"user_log","record_id":"7815","changed_status":"3","timestamp":"2024-09-17 05:27:37","uploaded":"0"}
{"id":"14052","action":"INSERT","table_name":"user_log","record_id":"7816","changed_status":"3","timestamp":"2024-09-17 05:30:13","uploaded":"0"}
{"id":"14053","action":"INSERT","table_name":"survey","record_id":"2094","changed_status":"3","timestamp":"2024-09-17 05:30:16","uploaded":"0"}
{"id":"14054","action":"INSERT","table_name":"user_log","record_id":"7817","changed_status":"3","timestamp":"2024-09-17 05:33:29","uploaded":"0"}
{"id":"14055","action":"UPDATE","table_name":"survey","record_id":"2094","changed_status":"3","timestamp":"2024-09-17 05:39:22","uploaded":"0"}
{"id":"14056","action":"UPDATE","table_name":"users","record_id":"3","changed_status":"0","timestamp":"2024-09-17 05:59:15","uploaded":"0"}
{"id":"14057","action":"INSERT","table_name":"user_log","record_id":"7818","changed_status":"3","timestamp":"2024-09-17 05:59:18","uploaded":"0"}
{"id":"14058","action":"INSERT","table_name":"user_log","record_id":"7819","changed_status":"3","timestamp":"2024-09-17 06:09:08","uploaded":"0"}
{"id":"14059","action":"UPDATE","table_name":"users","record_id":"5503","changed_status":"0","timestamp":"2024-09-17 06:09:42","uploaded":"0"}
{"id":"14060","action":"UPDATE","table_name":"clients","record_id":"282","changed_status":"3","timestamp":"2024-09-17 06:09:47","uploaded":"0"}
{"id":"14061","action":"INSERT","table_name":"user_log","record_id":"7820","changed_status":"3","timestamp":"2024-09-17 06:09:47","uploaded":"0"}
{"id":"14062","action":"INSERT","table_name":"user_log","record_id":"7821","changed_status":"3","timestamp":"2024-09-17 06:16:07","uploaded":"0"}
{"id":"14063","action":"INSERT","table_name":"user_log","record_id":"7822","changed_status":"3","timestamp":"2024-09-17 06:26:18","uploaded":"0"}
{"id":"14064","action":"INSERT","table_name":"user_log","record_id":"7823","changed_status":"3","timestamp":"2024-09-17 06:32:57","uploaded":"0"}
{"id":"14065","action":"INSERT","table_name":"user_log","record_id":"7824","changed_status":"3","timestamp":"2024-09-17 06:37:32","uploaded":"0"}
{"id":"14066","action":"INSERT","table_name":"user_log","record_id":"7825","changed_status":"3","timestamp":"2024-09-17 06:39:49","uploaded":"0"}
{"id":"14067","action":"INSERT","table_name":"user_log","record_id":"7826","changed_status":"3","timestamp":"2024-09-17 06:51:50","uploaded":"0"}
{"id":"14068","action":"INSERT","table_name":"user_log","record_id":"7827","changed_status":"3","timestamp":"2024-09-17 07:00:44","uploaded":"0"}
{"id":"14069","action":"INSERT","table_name":"user_log","record_id":"7828","changed_status":"3","timestamp":"2024-09-17 07:03:47","uploaded":"0"}
{"id":"14070","action":"INSERT","table_name":"user_log","record_id":"7829","changed_status":"3","timestamp":"2024-09-17 07:16:38","uploaded":"0"}
{"id":"14071","action":"INSERT","table_name":"user_log","record_id":"7830","changed_status":"3","timestamp":"2024-09-17 07:19:47","uploaded":"0"}
